date,country,prediction
2024-01-01,AA,34.00254
2024-02-01,AA,34.00254
2024-03-01,AA,34.00254
2024-04-01,AA,34.00254
2024-05-01,AA,34.00254
2024-06-01,AA,34.00254
2024-07-01,AA,34.00254
2024-08-01,AA,34.00254
2024-09-01,AA,34.00254
2024-10-01,AA,34.00254
2024-11-01,AA,34.00254
2024-12-01,AA,34.00254
2024-01-01,AC,167.98204
2024-02-01,AC,167.98204
2024-03-01,AC,167.98204
2024-04-01,AC,167.98204
2024-05-01,AC,167.98204
2024-06-01,AC,167.98204
2024-07-01,AC,167.98204
2024-08-01,AC,167.98204
2024-09-01,AC,167.98204
2024-10-01,AC,167.98204
2024-11-01,AC,167.98204
2024-12-01,AC,167.98204
2024-01-01,AE,1372.056
2024-02-01,AE,1372.056
2024-03-01,AE,1372.056
2024-04-01,AE,1372.056
2024-05-01,AE,1372.056
2024-06-01,AE,1372.056
2024-07-01,AE,1372.056
2024-08-01,AE,1372.056
2024-09-01,AE,1372.056
2024-10-01,AE,1372.056
2024-11-01,AE,1372.056
2024-12-01,AE,1372.056
2024-01-01,AF,4523.278
2024-02-01,AF,4523.278
2024-03-01,AF,4523.278
2024-04-01,AF,4523.278
2024-05-01,AF,4523.278
2024-06-01,AF,4523.278
2024-07-01,AF,4523.278
2024-08-01,AF,4523.278
2024-09-01,AF,4523.278
2024-10-01,AF,4523.278
2024-11-01,AF,4523.278
2024-12-01,AF,4523.278
2024-01-01,AG,1164.0675
2024-02-01,AG,1164.0675
2024-03-01,AG,1164.0675
2024-04-01,AG,1164.0675
2024-05-01,AG,1164.0675
2024-06-01,AG,1164.0675
2024-07-01,AG,1164.0675
2024-08-01,AG,1164.0675
2024-09-01,AG,1164.0675
2024-10-01,AG,1164.0675
2024-11-01,AG,1164.0675
2024-12-01,AG,1164.0675
2024-01-01,AJ,1895.7174
2024-02-01,AJ,1895.7174
2024-03-01,AJ,1895.7174
2024-04-01,AJ,1895.7174
2024-05-01,AJ,1895.7174
2024-06-01,AJ,1895.7174
2024-07-01,AJ,1895.7174
2024-08-01,AJ,1895.7174
2024-09-01,AJ,1895.7174
2024-10-01,AJ,1895.7174
2024-11-01,AJ,1895.7174
2024-12-01,AJ,1895.7174
2024-01-01,AL,1640.0222
2024-02-01,AL,1640.0222
2024-03-01,AL,1640.0222
2024-04-01,AL,1640.0222
2024-05-01,AL,1640.0222
2024-06-01,AL,1640.0222
2024-07-01,AL,1640.0222
2024-08-01,AL,1640.0222
2024-09-01,AL,1640.0222
2024-10-01,AL,1640.0222
2024-11-01,AL,1640.0222
2024-12-01,AL,1640.0222
2024-01-01,AM,1515.2373
2024-02-01,AM,1515.2373
2024-03-01,AM,1515.2373
2024-04-01,AM,1515.2373
2024-05-01,AM,1515.2373
2024-06-01,AM,1515.2373
2024-07-01,AM,1515.2373
2024-08-01,AM,1515.2373
2024-09-01,AM,1515.2373
2024-10-01,AM,1515.2373
2024-11-01,AM,1515.2373
2024-12-01,AM,1515.2373
2024-01-01,AN,134.00752
2024-02-01,AN,134.00752
2024-03-01,AN,134.00752
2024-04-01,AN,134.00752
2024-05-01,AN,134.00752
2024-06-01,AN,134.00752
2024-07-01,AN,134.00752
2024-08-01,AN,134.00752
2024-09-01,AN,134.00752
2024-10-01,AN,134.00752
2024-11-01,AN,134.00752
2024-12-01,AN,134.00752
2024-01-01,AO,602.9802
2024-02-01,AO,602.9802
2024-03-01,AO,602.9802
2024-04-01,AO,602.9802
2024-05-01,AO,602.9802
2024-06-01,AO,602.9802
2024-07-01,AO,602.9802
2024-08-01,AO,602.9802
2024-09-01,AO,602.9802
2024-10-01,AO,602.9802
2024-11-01,AO,602.9802
2024-12-01,AO,602.9802
2024-01-01,AQ,22.000965
2024-02-01,AQ,22.000965
2024-03-01,AQ,22.000965
2024-04-01,AQ,22.000965
2024-05-01,AQ,22.000965
2024-06-01,AQ,22.000965
2024-07-01,AQ,22.000965
2024-08-01,AQ,22.000965
2024-09-01,AQ,22.000965
2024-10-01,AQ,22.000965
2024-11-01,AQ,22.000965
2024-12-01,AQ,22.000965
2024-01-01,AR,2609.0613
2024-02-01,AR,2609.0613
2024-03-01,AR,2609.0613
2024-04-01,AR,2609.0613
2024-05-01,AR,2609.0613
2024-06-01,AR,2609.0613
2024-07-01,AR,2609.0613
2024-08-01,AR,2609.0613
2024-09-01,AR,2609.0613
2024-10-01,AR,2609.0613
2024-11-01,AR,2609.0613
2024-12-01,AR,2609.0613
2024-01-01,AS,4250.999
2024-02-01,AS,4250.999
2024-03-01,AS,4250.999
2024-04-01,AS,4250.999
2024-05-01,AS,4250.999
2024-06-01,AS,4250.999
2024-07-01,AS,4250.999
2024-08-01,AS,4250.999
2024-09-01,AS,4250.999
2024-10-01,AS,4250.999
2024-11-01,AS,4250.999
2024-12-01,AS,4250.999
2024-01-01,AU,1437.939
2024-02-01,AU,1437.939
2024-03-01,AU,1437.939
2024-04-01,AU,1437.939
2024-05-01,AU,1437.939
2024-06-01,AU,1437.939
2024-07-01,AU,1437.939
2024-08-01,AU,1437.939
2024-09-01,AU,1437.939
2024-10-01,AU,1437.939
2024-11-01,AU,1437.939
2024-12-01,AU,1437.939
2024-01-01,AV,11.00042
2024-02-01,AV,11.00042
2024-03-01,AV,11.00042
2024-04-01,AV,11.00042
2024-05-01,AV,11.00042
2024-06-01,AV,11.00042
2024-07-01,AV,11.00042
2024-08-01,AV,11.00042
2024-09-01,AV,11.00042
2024-10-01,AV,11.00042
2024-11-01,AV,11.00042
2024-12-01,AV,11.00042
2024-01-01,AY,57.003696
2024-02-01,AY,57.003696
2024-03-01,AY,57.003696
2024-04-01,AY,57.003696
2024-05-01,AY,57.003696
2024-06-01,AY,57.003696
2024-07-01,AY,57.003696
2024-08-01,AY,57.003696
2024-09-01,AY,57.003696
2024-10-01,AY,57.003696
2024-11-01,AY,57.003696
2024-12-01,AY,57.003696
2024-01-01,BA,687.0
2024-02-01,BA,687.0
2024-03-01,BA,687.0
2024-04-01,BA,687.0
2024-05-01,BA,687.0
2024-06-01,BA,687.0
2024-07-01,BA,687.0
2024-08-01,BA,687.0
2024-09-01,BA,687.0
2024-10-01,BA,687.0
2024-11-01,BA,687.0
2024-12-01,BA,687.0
2024-01-01,BB,292.98627
2024-02-01,BB,292.98627
2024-03-01,BB,292.98627
2024-04-01,BB,292.98627
2024-05-01,BB,292.98627
2024-06-01,BB,292.98627
2024-07-01,BB,292.98627
2024-08-01,BB,292.98627
2024-09-01,BB,292.98627
2024-10-01,BB,292.98627
2024-11-01,BB,292.98627
2024-12-01,BB,292.98627
2024-01-01,BC,240.0032
2024-02-01,BC,240.0032
2024-03-01,BC,240.0032
2024-04-01,BC,240.0032
2024-05-01,BC,240.0032
2024-06-01,BC,240.0032
2024-07-01,BC,240.0032
2024-08-01,BC,240.0032
2024-09-01,BC,240.0032
2024-10-01,BC,240.0032
2024-11-01,BC,240.0032
2024-12-01,BC,240.0032
2024-01-01,BD,350.96902
2024-02-01,BD,350.96902
2024-03-01,BD,350.96902
2024-04-01,BD,350.96902
2024-05-01,BD,350.96902
2024-06-01,BD,350.96902
2024-07-01,BD,350.96902
2024-08-01,BD,350.96902
2024-09-01,BD,350.96902
2024-10-01,BD,350.96902
2024-11-01,BD,350.96902
2024-12-01,BD,350.96902
2024-01-01,BE,2550.6272
2024-02-01,BE,2550.6272
2024-03-01,BE,2550.6272
2024-04-01,BE,2550.6272
2024-05-01,BE,2550.6272
2024-06-01,BE,2550.6272
2024-07-01,BE,2550.6272
2024-08-01,BE,2550.6272
2024-09-01,BE,2550.6272
2024-10-01,BE,2550.6272
2024-11-01,BE,2550.6272
2024-12-01,BE,2550.6272
2024-01-01,BF,2027.0581
2024-02-01,BF,2027.0581
2024-03-01,BF,2027.0581
2024-04-01,BF,2027.0581
2024-05-01,BF,2027.0581
2024-06-01,BF,2027.0581
2024-07-01,BF,2027.0581
2024-08-01,BF,2027.0581
2024-09-01,BF,2027.0581
2024-10-01,BF,2027.0581
2024-11-01,BF,2027.0581
2024-12-01,BF,2027.0581
2024-01-01,BG,2973.0276
2024-02-01,BG,2973.0276
2024-03-01,BG,2973.0276
2024-04-01,BG,2973.0276
2024-05-01,BG,2973.0276
2024-06-01,BG,2973.0276
2024-07-01,BG,2973.0276
2024-08-01,BG,2973.0276
2024-09-01,BG,2973.0276
2024-10-01,BG,2973.0276
2024-11-01,BG,2973.0276
2024-12-01,BG,2973.0276
2024-01-01,BH,351.99216
2024-02-01,BH,351.99216
2024-03-01,BH,351.99216
2024-04-01,BH,351.99216
2024-05-01,BH,351.99216
2024-06-01,BH,351.99216
2024-07-01,BH,351.99216
2024-08-01,BH,351.99216
2024-09-01,BH,351.99216
2024-10-01,BH,351.99216
2024-11-01,BH,351.99216
2024-12-01,BH,351.99216
2024-01-01,BK,623.9357
2024-02-01,BK,623.9357
2024-03-01,BK,623.9357
2024-04-01,BK,623.9357
2024-05-01,BK,623.9357
2024-06-01,BK,623.9357
2024-07-01,BK,623.9357
2024-08-01,BK,623.9357
2024-09-01,BK,623.9357
2024-10-01,BK,623.9357
2024-11-01,BK,623.9357
2024-12-01,BK,623.9357
2024-01-01,BL,1666.2937
2024-02-01,BL,1666.2937
2024-03-01,BL,1666.2937
2024-04-01,BL,1666.2937
2024-05-01,BL,1666.2937
2024-06-01,BL,1666.2937
2024-07-01,BL,1666.2937
2024-08-01,BL,1666.2937
2024-09-01,BL,1666.2937
2024-10-01,BL,1666.2937
2024-11-01,BL,1666.2937
2024-12-01,BL,1666.2937
2024-01-01,BM,1949.6287
2024-02-01,BM,1949.6287
2024-03-01,BM,1949.6287
2024-04-01,BM,1949.6287
2024-05-01,BM,1949.6287
2024-06-01,BM,1949.6287
2024-07-01,BM,1949.6287
2024-08-01,BM,1949.6287
2024-09-01,BM,1949.6287
2024-10-01,BM,1949.6287
2024-11-01,BM,1949.6287
2024-12-01,BM,1949.6287
2024-01-01,BN,558.99896
2024-02-01,BN,558.99896
2024-03-01,BN,558.99896
2024-04-01,BN,558.99896
2024-05-01,BN,558.99896
2024-06-01,BN,558.99896
2024-07-01,BN,558.99896
2024-08-01,BN,558.99896
2024-09-01,BN,558.99896
2024-10-01,BN,558.99896
2024-11-01,BN,558.99896
2024-12-01,BN,558.99896
2024-01-01,BO,2012.4269
2024-02-01,BO,2012.4269
2024-03-01,BO,2012.4269
2024-04-01,BO,2012.4269
2024-05-01,BO,2012.4269
2024-06-01,BO,2012.4269
2024-07-01,BO,2012.4269
2024-08-01,BO,2012.4269
2024-09-01,BO,2012.4269
2024-10-01,BO,2012.4269
2024-11-01,BO,2012.4269
2024-12-01,BO,2012.4269
2024-01-01,BP,69.00051
2024-02-01,BP,69.00051
2024-03-01,BP,69.00051
2024-04-01,BP,69.00051
2024-05-01,BP,69.00051
2024-06-01,BP,69.00051
2024-07-01,BP,69.00051
2024-08-01,BP,69.00051
2024-09-01,BP,69.00051
2024-10-01,BP,69.00051
2024-11-01,BP,69.00051
2024-12-01,BP,69.00051
2024-01-01,BQ,1.4310127e-06
2024-02-01,BQ,1.4310127e-06
2024-03-01,BQ,1.4310127e-06
2024-04-01,BQ,1.4310127e-06
2024-05-01,BQ,1.4310127e-06
2024-06-01,BQ,1.4310127e-06
2024-07-01,BQ,1.4310127e-06
2024-08-01,BQ,1.4310127e-06
2024-09-01,BQ,1.4310127e-06
2024-10-01,BQ,1.4310127e-06
2024-11-01,BQ,1.4310127e-06
2024-12-01,BQ,1.4310127e-06
2024-01-01,BR,3274.8706
2024-02-01,BR,3274.8706
2024-03-01,BR,3274.8706
2024-04-01,BR,3274.8706
2024-05-01,BR,3274.8706
2024-06-01,BR,3274.8706
2024-07-01,BR,3274.8706
2024-08-01,BR,3274.8706
2024-09-01,BR,3274.8706
2024-10-01,BR,3274.8706
2024-11-01,BR,3274.8706
2024-12-01,BR,3274.8706
2024-01-01,BT,170.98827
2024-02-01,BT,170.98827
2024-03-01,BT,170.98827
2024-04-01,BT,170.98827
2024-05-01,BT,170.98827
2024-06-01,BT,170.98827
2024-07-01,BT,170.98827
2024-08-01,BT,170.98827
2024-09-01,BT,170.98827
2024-10-01,BT,170.98827
2024-11-01,BT,170.98827
2024-12-01,BT,170.98827
2024-01-01,BU,1193.977
2024-02-01,BU,1193.977
2024-03-01,BU,1193.977
2024-04-01,BU,1193.977
2024-05-01,BU,1193.977
2024-06-01,BU,1193.977
2024-07-01,BU,1193.977
2024-08-01,BU,1193.977
2024-09-01,BU,1193.977
2024-10-01,BU,1193.977
2024-11-01,BU,1193.977
2024-12-01,BU,1193.977
2024-01-01,BX,193.00049
2024-02-01,BX,193.00049
2024-03-01,BX,193.00049
2024-04-01,BX,193.00049
2024-05-01,BX,193.00049
2024-06-01,BX,193.00049
2024-07-01,BX,193.00049
2024-08-01,BX,193.00049
2024-09-01,BX,193.00049
2024-10-01,BX,193.00049
2024-11-01,BX,193.00049
2024-12-01,BX,193.00049
2024-01-01,BY,427.99945
2024-02-01,BY,427.99945
2024-03-01,BY,427.99945
2024-04-01,BY,427.99945
2024-05-01,BY,427.99945
2024-06-01,BY,427.99945
2024-07-01,BY,427.99945
2024-08-01,BY,427.99945
2024-09-01,BY,427.99945
2024-10-01,BY,427.99945
2024-11-01,BY,427.99945
2024-12-01,BY,427.99945
2024-01-01,CA,5304.9233
2024-02-01,CA,5304.9233
2024-03-01,CA,5304.9233
2024-04-01,CA,5304.9233
2024-05-01,CA,5304.9233
2024-06-01,CA,5304.9233
2024-07-01,CA,5304.9233
2024-08-01,CA,5304.9233
2024-09-01,CA,5304.9233
2024-10-01,CA,5304.9233
2024-11-01,CA,5304.9233
2024-12-01,CA,5304.9233
2024-01-01,CB,713.99615
2024-02-01,CB,713.99615
2024-03-01,CB,713.99615
2024-04-01,CB,713.99615
2024-05-01,CB,713.99615
2024-06-01,CB,713.99615
2024-07-01,CB,713.99615
2024-08-01,CB,713.99615
2024-09-01,CB,713.99615
2024-10-01,CB,713.99615
2024-11-01,CB,713.99615
2024-12-01,CB,713.99615
2024-01-01,CD,722.9633
2024-02-01,CD,722.9633
2024-03-01,CD,722.9633
2024-04-01,CD,722.9633
2024-05-01,CD,722.9633
2024-06-01,CD,722.9633
2024-07-01,CD,722.9633
2024-08-01,CD,722.9633
2024-09-01,CD,722.9633
2024-10-01,CD,722.9633
2024-11-01,CD,722.9633
2024-12-01,CD,722.9633
2024-01-01,CE,1381.0033
2024-02-01,CE,1381.0033
2024-03-01,CE,1381.0033
2024-04-01,CE,1381.0033
2024-05-01,CE,1381.0033
2024-06-01,CE,1381.0033
2024-07-01,CE,1381.0033
2024-08-01,CE,1381.0033
2024-09-01,CE,1381.0033
2024-10-01,CE,1381.0033
2024-11-01,CE,1381.0033
2024-12-01,CE,1381.0033
2024-01-01,CF,829.96893
2024-02-01,CF,829.96893
2024-03-01,CF,829.96893
2024-04-01,CF,829.96893
2024-05-01,CF,829.96893
2024-06-01,CF,829.96893
2024-07-01,CF,829.96893
2024-08-01,CF,829.96893
2024-09-01,CF,829.96893
2024-10-01,CF,829.96893
2024-11-01,CF,829.96893
2024-12-01,CF,829.96893
2024-01-01,CG,654.9548
2024-02-01,CG,654.9548
2024-03-01,CG,654.9548
2024-04-01,CG,654.9548
2024-05-01,CG,654.9548
2024-06-01,CG,654.9548
2024-07-01,CG,654.9548
2024-08-01,CG,654.9548
2024-09-01,CG,654.9548
2024-10-01,CG,654.9548
2024-11-01,CG,654.9548
2024-12-01,CG,654.9548
2024-01-01,CH,9565.383
2024-02-01,CH,9565.383
2024-03-01,CH,9565.383
2024-04-01,CH,9565.383
2024-05-01,CH,9565.383
2024-06-01,CH,9565.383
2024-07-01,CH,9565.383
2024-08-01,CH,9565.383
2024-09-01,CH,9565.383
2024-10-01,CH,9565.383
2024-11-01,CH,9565.383
2024-12-01,CH,9565.383
2024-01-01,CI,1679.961
2024-02-01,CI,1679.961
2024-03-01,CI,1679.961
2024-04-01,CI,1679.961
2024-05-01,CI,1679.961
2024-06-01,CI,1679.961
2024-07-01,CI,1679.961
2024-08-01,CI,1679.961
2024-09-01,CI,1679.961
2024-10-01,CI,1679.961
2024-11-01,CI,1679.961
2024-12-01,CI,1679.961
2024-01-01,CJ,22.006655
2024-02-01,CJ,22.006655
2024-03-01,CJ,22.006655
2024-04-01,CJ,22.006655
2024-05-01,CJ,22.006655
2024-06-01,CJ,22.006655
2024-07-01,CJ,22.006655
2024-08-01,CJ,22.006655
2024-09-01,CJ,22.006655
2024-10-01,CJ,22.006655
2024-11-01,CJ,22.006655
2024-12-01,CJ,22.006655
2024-01-01,CM,664.02747
2024-02-01,CM,664.02747
2024-03-01,CM,664.02747
2024-04-01,CM,664.02747
2024-05-01,CM,664.02747
2024-06-01,CM,664.02747
2024-07-01,CM,664.02747
2024-08-01,CM,664.02747
2024-09-01,CM,664.02747
2024-10-01,CM,664.02747
2024-11-01,CM,664.02747
2024-12-01,CM,664.02747
2024-01-01,CN,127.98038
2024-02-01,CN,127.98038
2024-03-01,CN,127.98038
2024-04-01,CN,127.98038
2024-05-01,CN,127.98038
2024-06-01,CN,127.98038
2024-07-01,CN,127.98038
2024-08-01,CN,127.98038
2024-09-01,CN,127.98038
2024-10-01,CN,127.98038
2024-11-01,CN,127.98038
2024-12-01,CN,127.98038
2024-01-01,CO,2036.9398
2024-02-01,CO,2036.9398
2024-03-01,CO,2036.9398
2024-04-01,CO,2036.9398
2024-05-01,CO,2036.9398
2024-06-01,CO,2036.9398
2024-07-01,CO,2036.9398
2024-08-01,CO,2036.9398
2024-09-01,CO,2036.9398
2024-10-01,CO,2036.9398
2024-11-01,CO,2036.9398
2024-12-01,CO,2036.9398
2024-01-01,CQ,0.00017522318
2024-02-01,CQ,0.00017522318
2024-03-01,CQ,0.00017522318
2024-04-01,CQ,0.00017522318
2024-05-01,CQ,0.00017522318
2024-06-01,CQ,0.00017522318
2024-07-01,CQ,0.00017522318
2024-08-01,CQ,0.00017522318
2024-09-01,CQ,0.00017522318
2024-10-01,CQ,0.00017522318
2024-11-01,CQ,0.00017522318
2024-12-01,CQ,0.00017522318
2024-01-01,CS,306.00827
2024-02-01,CS,306.00827
2024-03-01,CS,306.00827
2024-04-01,CS,306.00827
2024-05-01,CS,306.00827
2024-06-01,CS,306.00827
2024-07-01,CS,306.00827
2024-08-01,CS,306.00827
2024-09-01,CS,306.00827
2024-10-01,CS,306.00827
2024-11-01,CS,306.00827
2024-12-01,CS,306.00827
2024-01-01,CT,355.99078
2024-02-01,CT,355.99078
2024-03-01,CT,355.99078
2024-04-01,CT,355.99078
2024-05-01,CT,355.99078
2024-06-01,CT,355.99078
2024-07-01,CT,355.99078
2024-08-01,CT,355.99078
2024-09-01,CT,355.99078
2024-10-01,CT,355.99078
2024-11-01,CT,355.99078
2024-12-01,CT,355.99078
2024-01-01,CU,1523.0651
2024-02-01,CU,1523.0651
2024-03-01,CU,1523.0651
2024-04-01,CU,1523.0651
2024-05-01,CU,1523.0651
2024-06-01,CU,1523.0651
2024-07-01,CU,1523.0651
2024-08-01,CU,1523.0651
2024-09-01,CU,1523.0651
2024-10-01,CU,1523.0651
2024-11-01,CU,1523.0651
2024-12-01,CU,1523.0651
2024-01-01,CV,235.97743
2024-02-01,CV,235.97743
2024-03-01,CV,235.97743
2024-04-01,CV,235.97743
2024-05-01,CV,235.97743
2024-06-01,CV,235.97743
2024-07-01,CV,235.97743
2024-08-01,CV,235.97743
2024-09-01,CV,235.97743
2024-10-01,CV,235.97743
2024-11-01,CV,235.97743
2024-12-01,CV,235.97743
2024-01-01,CW,0.0013500269
2024-02-01,CW,0.0013500269
2024-03-01,CW,0.0013500269
2024-04-01,CW,0.0013500269
2024-05-01,CW,0.0013500269
2024-06-01,CW,0.0013500269
2024-07-01,CW,0.0013500269
2024-08-01,CW,0.0013500269
2024-09-01,CW,0.0013500269
2024-10-01,CW,0.0013500269
2024-11-01,CW,0.0013500269
2024-12-01,CW,0.0013500269
2024-01-01,CY,591.0288
2024-02-01,CY,591.0288
2024-03-01,CY,591.0288
2024-04-01,CY,591.0288
2024-05-01,CY,591.0288
2024-06-01,CY,591.0288
2024-07-01,CY,591.0288
2024-08-01,CY,591.0288
2024-09-01,CY,591.0288
2024-10-01,CY,591.0288
2024-11-01,CY,591.0288
2024-12-01,CY,591.0288
2024-01-01,DA,967.9882
2024-02-01,DA,967.9882
2024-03-01,DA,967.9882
2024-04-01,DA,967.9882
2024-05-01,DA,967.9882
2024-06-01,DA,967.9882
2024-07-01,DA,967.9882
2024-08-01,DA,967.9882
2024-09-01,DA,967.9882
2024-10-01,DA,967.9882
2024-11-01,DA,967.9882
2024-12-01,DA,967.9882
2024-01-01,DJ,273.99384
2024-02-01,DJ,273.99384
2024-03-01,DJ,273.99384
2024-04-01,DJ,273.99384
2024-05-01,DJ,273.99384
2024-06-01,DJ,273.99384
2024-07-01,DJ,273.99384
2024-08-01,DJ,273.99384
2024-09-01,DJ,273.99384
2024-10-01,DJ,273.99384
2024-11-01,DJ,273.99384
2024-12-01,DJ,273.99384
2024-01-01,DO,187.99161
2024-02-01,DO,187.99161
2024-03-01,DO,187.99161
2024-04-01,DO,187.99161
2024-05-01,DO,187.99161
2024-06-01,DO,187.99161
2024-07-01,DO,187.99161
2024-08-01,DO,187.99161
2024-09-01,DO,187.99161
2024-10-01,DO,187.99161
2024-11-01,DO,187.99161
2024-12-01,DO,187.99161
2024-01-01,DQ,1.1849977e-05
2024-02-01,DQ,1.1849977e-05
2024-03-01,DQ,1.1849977e-05
2024-04-01,DQ,1.1849977e-05
2024-05-01,DQ,1.1849977e-05
2024-06-01,DQ,1.1849977e-05
2024-07-01,DQ,1.1849977e-05
2024-08-01,DQ,1.1849977e-05
2024-09-01,DQ,1.1849977e-05
2024-10-01,DQ,1.1849977e-05
2024-11-01,DQ,1.1849977e-05
2024-12-01,DQ,1.1849977e-05
2024-01-01,DR,366.05246
2024-02-01,DR,366.05246
2024-03-01,DR,366.05246
2024-04-01,DR,366.05246
2024-05-01,DR,366.05246
2024-06-01,DR,366.05246
2024-07-01,DR,366.05246
2024-08-01,DR,366.05246
2024-09-01,DR,366.05246
2024-10-01,DR,366.05246
2024-11-01,DR,366.05246
2024-12-01,DR,366.05246
2024-01-01,EC,910.987
2024-02-01,EC,910.987
2024-03-01,EC,910.987
2024-04-01,EC,910.987
2024-05-01,EC,910.987
2024-06-01,EC,910.987
2024-07-01,EC,910.987
2024-08-01,EC,910.987
2024-09-01,EC,910.987
2024-10-01,EC,910.987
2024-11-01,EC,910.987
2024-12-01,EC,910.987
2024-01-01,EG,2181.4275
2024-02-01,EG,2181.4275
2024-03-01,EG,2181.4275
2024-04-01,EG,2181.4275
2024-05-01,EG,2181.4275
2024-06-01,EG,2181.4275
2024-07-01,EG,2181.4275
2024-08-01,EG,2181.4275
2024-09-01,EG,2181.4275
2024-10-01,EG,2181.4275
2024-11-01,EG,2181.4275
2024-12-01,EG,2181.4275
2024-01-01,EI,2715.887
2024-02-01,EI,2715.887
2024-03-01,EI,2715.887
2024-04-01,EI,2715.887
2024-05-01,EI,2715.887
2024-06-01,EI,2715.887
2024-07-01,EI,2715.887
2024-08-01,EI,2715.887
2024-09-01,EI,2715.887
2024-10-01,EI,2715.887
2024-11-01,EI,2715.887
2024-12-01,EI,2715.887
2024-01-01,EK,171.99057
2024-02-01,EK,171.99057
2024-03-01,EK,171.99057
2024-04-01,EK,171.99057
2024-05-01,EK,171.99057
2024-06-01,EK,171.99057
2024-07-01,EK,171.99057
2024-08-01,EK,171.99057
2024-09-01,EK,171.99057
2024-10-01,EK,171.99057
2024-11-01,EK,171.99057
2024-12-01,EK,171.99057
2024-01-01,EN,491.00635
2024-02-01,EN,491.00635
2024-03-01,EN,491.00635
2024-04-01,EN,491.00635
2024-05-01,EN,491.00635
2024-06-01,EN,491.00635
2024-07-01,EN,491.00635
2024-08-01,EN,491.00635
2024-09-01,EN,491.00635
2024-10-01,EN,491.00635
2024-11-01,EN,491.00635
2024-12-01,EN,491.00635
2024-01-01,ER,532.93353
2024-02-01,ER,532.93353
2024-03-01,ER,532.93353
2024-04-01,ER,532.93353
2024-05-01,ER,532.93353
2024-06-01,ER,532.93353
2024-07-01,ER,532.93353
2024-08-01,ER,532.93353
2024-09-01,ER,532.93353
2024-10-01,ER,532.93353
2024-11-01,ER,532.93353
2024-12-01,ER,532.93353
2024-01-01,ES,1013.0313
2024-02-01,ES,1013.0313
2024-03-01,ES,1013.0313
2024-04-01,ES,1013.0313
2024-05-01,ES,1013.0313
2024-06-01,ES,1013.0313
2024-07-01,ES,1013.0313
2024-08-01,ES,1013.0313
2024-09-01,ES,1013.0313
2024-10-01,ES,1013.0313
2024-11-01,ES,1013.0313
2024-12-01,ES,1013.0313
2024-01-01,ET,1227.975
2024-02-01,ET,1227.975
2024-03-01,ET,1227.975
2024-04-01,ET,1227.975
2024-05-01,ET,1227.975
2024-06-01,ET,1227.975
2024-07-01,ET,1227.975
2024-08-01,ET,1227.975
2024-09-01,ET,1227.975
2024-10-01,ET,1227.975
2024-11-01,ET,1227.975
2024-12-01,ET,1227.975
2024-01-01,EU,1.4310127e-06
2024-02-01,EU,1.4310127e-06
2024-03-01,EU,1.4310127e-06
2024-04-01,EU,1.4310127e-06
2024-05-01,EU,1.4310127e-06
2024-06-01,EU,1.4310127e-06
2024-07-01,EU,1.4310127e-06
2024-08-01,EU,1.4310127e-06
2024-09-01,EU,1.4310127e-06
2024-10-01,EU,1.4310127e-06
2024-11-01,EU,1.4310127e-06
2024-12-01,EU,1.4310127e-06
2024-01-01,EZ,1230.9666
2024-02-01,EZ,1230.9666
2024-03-01,EZ,1230.9666
2024-04-01,EZ,1230.9666
2024-05-01,EZ,1230.9666
2024-06-01,EZ,1230.9666
2024-07-01,EZ,1230.9666
2024-08-01,EZ,1230.9666
2024-09-01,EZ,1230.9666
2024-10-01,EZ,1230.9666
2024-11-01,EZ,1230.9666
2024-12-01,EZ,1230.9666
2024-01-01,FG,11.00023
2024-02-01,FG,11.00023
2024-03-01,FG,11.00023
2024-04-01,FG,11.00023
2024-05-01,FG,11.00023
2024-06-01,FG,11.00023
2024-07-01,FG,11.00023
2024-08-01,FG,11.00023
2024-09-01,FG,11.00023
2024-10-01,FG,11.00023
2024-11-01,FG,11.00023
2024-12-01,FG,11.00023
2024-01-01,FI,1073.9072
2024-02-01,FI,1073.9072
2024-03-01,FI,1073.9072
2024-04-01,FI,1073.9072
2024-05-01,FI,1073.9072
2024-06-01,FI,1073.9072
2024-07-01,FI,1073.9072
2024-08-01,FI,1073.9072
2024-09-01,FI,1073.9072
2024-10-01,FI,1073.9072
2024-11-01,FI,1073.9072
2024-12-01,FI,1073.9072
2024-01-01,FJ,564.0037
2024-02-01,FJ,564.0037
2024-03-01,FJ,564.0037
2024-04-01,FJ,564.0037
2024-05-01,FJ,564.0037
2024-06-01,FJ,564.0037
2024-07-01,FJ,564.0037
2024-08-01,FJ,564.0037
2024-09-01,FJ,564.0037
2024-10-01,FJ,564.0037
2024-11-01,FJ,564.0037
2024-12-01,FJ,564.0037
2024-01-01,FK,0.00015195538
2024-02-01,FK,0.00015195538
2024-03-01,FK,0.00015195538
2024-04-01,FK,0.00015195538
2024-05-01,FK,0.00015195538
2024-06-01,FK,0.00015195538
2024-07-01,FK,0.00015195538
2024-08-01,FK,0.00015195538
2024-09-01,FK,0.00015195538
2024-10-01,FK,0.00015195538
2024-11-01,FK,0.00015195538
2024-12-01,FK,0.00015195538
2024-01-01,FM,65.99878
2024-02-01,FM,65.99878
2024-03-01,FM,65.99878
2024-04-01,FM,65.99878
2024-05-01,FM,65.99878
2024-06-01,FM,65.99878
2024-07-01,FM,65.99878
2024-08-01,FM,65.99878
2024-09-01,FM,65.99878
2024-10-01,FM,65.99878
2024-11-01,FM,65.99878
2024-12-01,FM,65.99878
2024-01-01,FO,23.999546
2024-02-01,FO,23.999546
2024-03-01,FO,23.999546
2024-04-01,FO,23.999546
2024-05-01,FO,23.999546
2024-06-01,FO,23.999546
2024-07-01,FO,23.999546
2024-08-01,FO,23.999546
2024-09-01,FO,23.999546
2024-10-01,FO,23.999546
2024-11-01,FO,23.999546
2024-12-01,FO,23.999546
2024-01-01,FP,114.98377
2024-02-01,FP,114.98377
2024-03-01,FP,114.98377
2024-04-01,FP,114.98377
2024-05-01,FP,114.98377
2024-06-01,FP,114.98377
2024-07-01,FP,114.98377
2024-08-01,FP,114.98377
2024-09-01,FP,114.98377
2024-10-01,FP,114.98377
2024-11-01,FP,114.98377
2024-12-01,FP,114.98377
2024-01-01,FR,6218.987
2024-02-01,FR,6218.987
2024-03-01,FR,6218.987
2024-04-01,FR,6218.987
2024-05-01,FR,6218.987
2024-06-01,FR,6218.987
2024-07-01,FR,6218.987
2024-08-01,FR,6218.987
2024-09-01,FR,6218.987
2024-10-01,FR,6218.987
2024-11-01,FR,6218.987
2024-12-01,FR,6218.987
2024-01-01,GA,521.97156
2024-02-01,GA,521.97156
2024-03-01,GA,521.97156
2024-04-01,GA,521.97156
2024-05-01,GA,521.97156
2024-06-01,GA,521.97156
2024-07-01,GA,521.97156
2024-08-01,GA,521.97156
2024-09-01,GA,521.97156
2024-10-01,GA,521.97156
2024-11-01,GA,521.97156
2024-12-01,GA,521.97156
2024-01-01,GB,148.0143
2024-02-01,GB,148.0143
2024-03-01,GB,148.0143
2024-04-01,GB,148.0143
2024-05-01,GB,148.0143
2024-06-01,GB,148.0143
2024-07-01,GB,148.0143
2024-08-01,GB,148.0143
2024-09-01,GB,148.0143
2024-10-01,GB,148.0143
2024-11-01,GB,148.0143
2024-12-01,GB,148.0143
2024-01-01,GG,645.00244
2024-02-01,GG,645.00244
2024-03-01,GG,645.00244
2024-04-01,GG,645.00244
2024-05-01,GG,645.00244
2024-06-01,GG,645.00244
2024-07-01,GG,645.00244
2024-08-01,GG,645.00244
2024-09-01,GG,645.00244
2024-10-01,GG,645.00244
2024-11-01,GG,645.00244
2024-12-01,GG,645.00244
2024-01-01,GH,1154.0286
2024-02-01,GH,1154.0286
2024-03-01,GH,1154.0286
2024-04-01,GH,1154.0286
2024-05-01,GH,1154.0286
2024-06-01,GH,1154.0286
2024-07-01,GH,1154.0286
2024-08-01,GH,1154.0286
2024-09-01,GH,1154.0286
2024-10-01,GH,1154.0286
2024-11-01,GH,1154.0286
2024-12-01,GH,1154.0286
2024-01-01,GI,264.00272
2024-02-01,GI,264.00272
2024-03-01,GI,264.00272
2024-04-01,GI,264.00272
2024-05-01,GI,264.00272
2024-06-01,GI,264.00272
2024-07-01,GI,264.00272
2024-08-01,GI,264.00272
2024-09-01,GI,264.00272
2024-10-01,GI,264.00272
2024-11-01,GI,264.00272
2024-12-01,GI,264.00272
2024-01-01,GJ,158.99667
2024-02-01,GJ,158.99667
2024-03-01,GJ,158.99667
2024-04-01,GJ,158.99667
2024-05-01,GJ,158.99667
2024-06-01,GJ,158.99667
2024-07-01,GJ,158.99667
2024-08-01,GJ,158.99667
2024-09-01,GJ,158.99667
2024-10-01,GJ,158.99667
2024-11-01,GJ,158.99667
2024-12-01,GJ,158.99667
2024-01-01,GK,114.99995
2024-02-01,GK,114.99995
2024-03-01,GK,114.99995
2024-04-01,GK,114.99995
2024-05-01,GK,114.99995
2024-06-01,GK,114.99995
2024-07-01,GK,114.99995
2024-08-01,GK,114.99995
2024-09-01,GK,114.99995
2024-10-01,GK,114.99995
2024-11-01,GK,114.99995
2024-12-01,GK,114.99995
2024-01-01,GL,139.9966
2024-02-01,GL,139.9966
2024-03-01,GL,139.9966
2024-04-01,GL,139.9966
2024-05-01,GL,139.9966
2024-06-01,GL,139.9966
2024-07-01,GL,139.9966
2024-08-01,GL,139.9966
2024-09-01,GL,139.9966
2024-10-01,GL,139.9966
2024-11-01,GL,139.9966
2024-12-01,GL,139.9966
2024-01-01,GM,5749.951
2024-02-01,GM,5749.951
2024-03-01,GM,5749.951
2024-04-01,GM,5749.951
2024-05-01,GM,5749.951
2024-06-01,GM,5749.951
2024-07-01,GM,5749.951
2024-08-01,GM,5749.951
2024-09-01,GM,5749.951
2024-10-01,GM,5749.951
2024-11-01,GM,5749.951
2024-12-01,GM,5749.951
2024-01-01,GP,687.93176
2024-02-01,GP,687.93176
2024-03-01,GP,687.93176
2024-04-01,GP,687.93176
2024-05-01,GP,687.93176
2024-06-01,GP,687.93176
2024-07-01,GP,687.93176
2024-08-01,GP,687.93176
2024-09-01,GP,687.93176
2024-10-01,GP,687.93176
2024-11-01,GP,687.93176
2024-12-01,GP,687.93176
2024-01-01,GQ,309.99228
2024-02-01,GQ,309.99228
2024-03-01,GQ,309.99228
2024-04-01,GQ,309.99228
2024-05-01,GQ,309.99228
2024-06-01,GQ,309.99228
2024-07-01,GQ,309.99228
2024-08-01,GQ,309.99228
2024-09-01,GQ,309.99228
2024-10-01,GQ,309.99228
2024-11-01,GQ,309.99228
2024-12-01,GQ,309.99228
2024-01-01,GR,2995.96
2024-02-01,GR,2995.96
2024-03-01,GR,2995.96
2024-04-01,GR,2995.96
2024-05-01,GR,2995.96
2024-06-01,GR,2995.96
2024-07-01,GR,2995.96
2024-08-01,GR,2995.96
2024-09-01,GR,2995.96
2024-10-01,GR,2995.96
2024-11-01,GR,2995.96
2024-12-01,GR,2995.96
2024-01-01,GT,954.0245
2024-02-01,GT,954.0245
2024-03-01,GT,954.0245
2024-04-01,GT,954.0245
2024-05-01,GT,954.0245
2024-06-01,GT,954.0245
2024-07-01,GT,954.0245
2024-08-01,GT,954.0245
2024-09-01,GT,954.0245
2024-10-01,GT,954.0245
2024-11-01,GT,954.0245
2024-12-01,GT,954.0245
2024-01-01,GV,834.0174
2024-02-01,GV,834.0174
2024-03-01,GV,834.0174
2024-04-01,GV,834.0174
2024-05-01,GV,834.0174
2024-06-01,GV,834.0174
2024-07-01,GV,834.0174
2024-08-01,GV,834.0174
2024-09-01,GV,834.0174
2024-10-01,GV,834.0174
2024-11-01,GV,834.0174
2024-12-01,GV,834.0174
2024-01-01,GY,542.8709
2024-02-01,GY,542.8709
2024-03-01,GY,542.8709
2024-04-01,GY,542.8709
2024-05-01,GY,542.8709
2024-06-01,GY,542.8709
2024-07-01,GY,542.8709
2024-08-01,GY,542.8709
2024-09-01,GY,542.8709
2024-10-01,GY,542.8709
2024-11-01,GY,542.8709
2024-12-01,GY,542.8709
2024-01-01,GZ,454.9968
2024-02-01,GZ,454.9968
2024-03-01,GZ,454.9968
2024-04-01,GZ,454.9968
2024-05-01,GZ,454.9968
2024-06-01,GZ,454.9968
2024-07-01,GZ,454.9968
2024-08-01,GZ,454.9968
2024-09-01,GZ,454.9968
2024-10-01,GZ,454.9968
2024-11-01,GZ,454.9968
2024-12-01,GZ,454.9968
2024-01-01,HA,1137.8429
2024-02-01,HA,1137.8429
2024-03-01,HA,1137.8429
2024-04-01,HA,1137.8429
2024-05-01,HA,1137.8429
2024-06-01,HA,1137.8429
2024-07-01,HA,1137.8429
2024-08-01,HA,1137.8429
2024-09-01,HA,1137.8429
2024-10-01,HA,1137.8429
2024-11-01,HA,1137.8429
2024-12-01,HA,1137.8429
2024-01-01,HK,1272.4326
2024-02-01,HK,1272.4326
2024-03-01,HK,1272.4326
2024-04-01,HK,1272.4326
2024-05-01,HK,1272.4326
2024-06-01,HK,1272.4326
2024-07-01,HK,1272.4326
2024-08-01,HK,1272.4326
2024-09-01,HK,1272.4326
2024-10-01,HK,1272.4326
2024-11-01,HK,1272.4326
2024-12-01,HK,1272.4326
2024-01-01,HO,904.9989
2024-02-01,HO,904.9989
2024-03-01,HO,904.9989
2024-04-01,HO,904.9989
2024-05-01,HO,904.9989
2024-06-01,HO,904.9989
2024-07-01,HO,904.9989
2024-08-01,HO,904.9989
2024-09-01,HO,904.9989
2024-10-01,HO,904.9989
2024-11-01,HO,904.9989
2024-12-01,HO,904.9989
2024-01-01,HQ,3.6778514e-05
2024-02-01,HQ,3.6778514e-05
2024-03-01,HQ,3.6778514e-05
2024-04-01,HQ,3.6778514e-05
2024-05-01,HQ,3.6778514e-05
2024-06-01,HQ,3.6778514e-05
2024-07-01,HQ,3.6778514e-05
2024-08-01,HQ,3.6778514e-05
2024-09-01,HQ,3.6778514e-05
2024-10-01,HQ,3.6778514e-05
2024-11-01,HQ,3.6778514e-05
2024-12-01,HQ,3.6778514e-05
2024-01-01,HR,1266.922
2024-02-01,HR,1266.922
2024-03-01,HR,1266.922
2024-04-01,HR,1266.922
2024-05-01,HR,1266.922
2024-06-01,HR,1266.922
2024-07-01,HR,1266.922
2024-08-01,HR,1266.922
2024-09-01,HR,1266.922
2024-10-01,HR,1266.922
2024-11-01,HR,1266.922
2024-12-01,HR,1266.922
2024-01-01,HU,1064.0781
2024-02-01,HU,1064.0781
2024-03-01,HU,1064.0781
2024-04-01,HU,1064.0781
2024-05-01,HU,1064.0781
2024-06-01,HU,1064.0781
2024-07-01,HU,1064.0781
2024-08-01,HU,1064.0781
2024-09-01,HU,1064.0781
2024-10-01,HU,1064.0781
2024-11-01,HU,1064.0781
2024-12-01,HU,1064.0781
2024-01-01,IC,348.00122
2024-02-01,IC,348.00122
2024-03-01,IC,348.00122
2024-04-01,IC,348.00122
2024-05-01,IC,348.00122
2024-06-01,IC,348.00122
2024-07-01,IC,348.00122
2024-08-01,IC,348.00122
2024-09-01,IC,348.00122
2024-10-01,IC,348.00122
2024-11-01,IC,348.00122
2024-12-01,IC,348.00122
2024-01-01,ID,3578.5015
2024-02-01,ID,3578.5015
2024-03-01,ID,3578.5015
2024-04-01,ID,3578.5015
2024-05-01,ID,3578.5015
2024-06-01,ID,3578.5015
2024-07-01,ID,3578.5015
2024-08-01,ID,3578.5015
2024-09-01,ID,3578.5015
2024-10-01,ID,3578.5015
2024-11-01,ID,3578.5015
2024-12-01,ID,3578.5015
2024-01-01,IM,0.00030300595
2024-02-01,IM,0.00030300595
2024-03-01,IM,0.00030300595
2024-04-01,IM,0.00030300595
2024-05-01,IM,0.00030300595
2024-06-01,IM,0.00030300595
2024-07-01,IM,0.00030300595
2024-08-01,IM,0.00030300595
2024-09-01,IM,0.00030300595
2024-10-01,IM,0.00030300595
2024-11-01,IM,0.00030300595
2024-12-01,IM,0.00030300595
2024-01-01,IN,11856.747
2024-02-01,IN,11856.747
2024-03-01,IN,11856.747
2024-04-01,IN,11856.747
2024-05-01,IN,11856.747
2024-06-01,IN,11856.747
2024-07-01,IN,11856.747
2024-08-01,IN,11856.747
2024-09-01,IN,11856.747
2024-10-01,IN,11856.747
2024-11-01,IN,11856.747
2024-12-01,IN,11856.747
2024-01-01,IO,0.00010279428
2024-02-01,IO,0.00010279428
2024-03-01,IO,0.00010279428
2024-04-01,IO,0.00010279428
2024-05-01,IO,0.00010279428
2024-06-01,IO,0.00010279428
2024-07-01,IO,0.00010279428
2024-08-01,IO,0.00010279428
2024-09-01,IO,0.00010279428
2024-10-01,IO,0.00010279428
2024-11-01,IO,0.00010279428
2024-12-01,IO,0.00010279428
2024-01-01,IP,1.4310127e-06
2024-02-01,IP,1.4310127e-06
2024-03-01,IP,1.4310127e-06
2024-04-01,IP,1.4310127e-06
2024-05-01,IP,1.4310127e-06
2024-06-01,IP,1.4310127e-06
2024-07-01,IP,1.4310127e-06
2024-08-01,IP,1.4310127e-06
2024-09-01,IP,1.4310127e-06
2024-10-01,IP,1.4310127e-06
2024-11-01,IP,1.4310127e-06
2024-12-01,IP,1.4310127e-06
2024-01-01,IR,10995.696
2024-02-01,IR,10995.696
2024-03-01,IR,10995.696
2024-04-01,IR,10995.696
2024-05-01,IR,10995.696
2024-06-01,IR,10995.696
2024-07-01,IR,10995.696
2024-08-01,IR,10995.696
2024-09-01,IR,10995.696
2024-10-01,IR,10995.696
2024-11-01,IR,10995.696
2024-12-01,IR,10995.696
2024-01-01,IS,7700.7935
2024-02-01,IS,7700.7935
2024-03-01,IS,7700.7935
2024-04-01,IS,7700.7935
2024-05-01,IS,7700.7935
2024-06-01,IS,7700.7935
2024-07-01,IS,7700.7935
2024-08-01,IS,7700.7935
2024-09-01,IS,7700.7935
2024-10-01,IS,7700.7935
2024-11-01,IS,7700.7935
2024-12-01,IS,7700.7935
2024-01-01,IT,4032.786
2024-02-01,IT,4032.786
2024-03-01,IT,4032.786
2024-04-01,IT,4032.786
2024-05-01,IT,4032.786
2024-06-01,IT,4032.786
2024-07-01,IT,4032.786
2024-08-01,IT,4032.786
2024-09-01,IT,4032.786
2024-10-01,IT,4032.786
2024-11-01,IT,4032.786
2024-12-01,IT,4032.786
2024-01-01,IV,735.9972
2024-02-01,IV,735.9972
2024-03-01,IV,735.9972
2024-04-01,IV,735.9972
2024-05-01,IV,735.9972
2024-06-01,IV,735.9972
2024-07-01,IV,735.9972
2024-08-01,IV,735.9972
2024-09-01,IV,735.9972
2024-10-01,IV,735.9972
2024-11-01,IV,735.9972
2024-12-01,IV,735.9972
2024-01-01,IZ,1975.0359
2024-02-01,IZ,1975.0359
2024-03-01,IZ,1975.0359
2024-04-01,IZ,1975.0359
2024-05-01,IZ,1975.0359
2024-06-01,IZ,1975.0359
2024-07-01,IZ,1975.0359
2024-08-01,IZ,1975.0359
2024-09-01,IZ,1975.0359
2024-10-01,IZ,1975.0359
2024-11-01,IZ,1975.0359
2024-12-01,IZ,1975.0359
2024-01-01,JA,2383.971
2024-02-01,JA,2383.971
2024-03-01,JA,2383.971
2024-04-01,JA,2383.971
2024-05-01,JA,2383.971
2024-06-01,JA,2383.971
2024-07-01,JA,2383.971
2024-08-01,JA,2383.971
2024-09-01,JA,2383.971
2024-10-01,JA,2383.971
2024-11-01,JA,2383.971
2024-12-01,JA,2383.971
2024-01-01,JE,748.9895
2024-02-01,JE,748.9895
2024-03-01,JE,748.9895
2024-04-01,JE,748.9895
2024-05-01,JE,748.9895
2024-06-01,JE,748.9895
2024-07-01,JE,748.9895
2024-08-01,JE,748.9895
2024-09-01,JE,748.9895
2024-10-01,JE,748.9895
2024-11-01,JE,748.9895
2024-12-01,JE,748.9895
2024-01-01,JM,1016.92303
2024-02-01,JM,1016.92303
2024-03-01,JM,1016.92303
2024-04-01,JM,1016.92303
2024-05-01,JM,1016.92303
2024-06-01,JM,1016.92303
2024-07-01,JM,1016.92303
2024-08-01,JM,1016.92303
2024-09-01,JM,1016.92303
2024-10-01,JM,1016.92303
2024-11-01,JM,1016.92303
2024-12-01,JM,1016.92303
2024-01-01,JN,0.0
2024-02-01,JN,0.0
2024-03-01,JN,0.0
2024-04-01,JN,0.0
2024-05-01,JN,0.0
2024-06-01,JN,0.0
2024-07-01,JN,0.0
2024-08-01,JN,0.0
2024-09-01,JN,0.0
2024-10-01,JN,0.0
2024-11-01,JN,0.0
2024-12-01,JN,0.0
2024-01-01,JO,1505.9062
2024-02-01,JO,1505.9062
2024-03-01,JO,1505.9062
2024-04-01,JO,1505.9062
2024-05-01,JO,1505.9062
2024-06-01,JO,1505.9062
2024-07-01,JO,1505.9062
2024-08-01,JO,1505.9062
2024-09-01,JO,1505.9062
2024-10-01,JO,1505.9062
2024-11-01,JO,1505.9062
2024-12-01,JO,1505.9062
2024-01-01,JQ,1.4860137e-05
2024-02-01,JQ,1.4860137e-05
2024-03-01,JQ,1.4860137e-05
2024-04-01,JQ,1.4860137e-05
2024-05-01,JQ,1.4860137e-05
2024-06-01,JQ,1.4860137e-05
2024-07-01,JQ,1.4860137e-05
2024-08-01,JQ,1.4860137e-05
2024-09-01,JQ,1.4860137e-05
2024-10-01,JQ,1.4860137e-05
2024-11-01,JQ,1.4860137e-05
2024-12-01,JQ,1.4860137e-05
2024-01-01,KE,1431.0562
2024-02-01,KE,1431.0562
2024-03-01,KE,1431.0562
2024-04-01,KE,1431.0562
2024-05-01,KE,1431.0562
2024-06-01,KE,1431.0562
2024-07-01,KE,1431.0562
2024-08-01,KE,1431.0562
2024-09-01,KE,1431.0562
2024-10-01,KE,1431.0562
2024-11-01,KE,1431.0562
2024-12-01,KE,1431.0562
2024-01-01,KG,687.03973
2024-02-01,KG,687.03973
2024-03-01,KG,687.03973
2024-04-01,KG,687.03973
2024-05-01,KG,687.03973
2024-06-01,KG,687.03973
2024-07-01,KG,687.03973
2024-08-01,KG,687.03973
2024-09-01,KG,687.03973
2024-10-01,KG,687.03973
2024-11-01,KG,687.03973
2024-12-01,KG,687.03973
2024-01-01,KN,1049.0012
2024-02-01,KN,1049.0012
2024-03-01,KN,1049.0012
2024-04-01,KN,1049.0012
2024-05-01,KN,1049.0012
2024-06-01,KN,1049.0012
2024-07-01,KN,1049.0012
2024-08-01,KN,1049.0012
2024-09-01,KN,1049.0012
2024-10-01,KN,1049.0012
2024-11-01,KN,1049.0012
2024-12-01,KN,1049.0012
2024-01-01,KR,43.999058
2024-02-01,KR,43.999058
2024-03-01,KR,43.999058
2024-04-01,KR,43.999058
2024-05-01,KR,43.999058
2024-06-01,KR,43.999058
2024-07-01,KR,43.999058
2024-08-01,KR,43.999058
2024-09-01,KR,43.999058
2024-10-01,KR,43.999058
2024-11-01,KR,43.999058
2024-12-01,KR,43.999058
2024-01-01,KS,2383.9033
2024-02-01,KS,2383.9033
2024-03-01,KS,2383.9033
2024-04-01,KS,2383.9033
2024-05-01,KS,2383.9033
2024-06-01,KS,2383.9033
2024-07-01,KS,2383.9033
2024-08-01,KS,2383.9033
2024-09-01,KS,2383.9033
2024-10-01,KS,2383.9033
2024-11-01,KS,2383.9033
2024-12-01,KS,2383.9033
2024-01-01,KT,11.000066
2024-02-01,KT,11.000066
2024-03-01,KT,11.000066
2024-04-01,KT,11.000066
2024-05-01,KT,11.000066
2024-06-01,KT,11.000066
2024-07-01,KT,11.000066
2024-08-01,KT,11.000066
2024-09-01,KT,11.000066
2024-10-01,KT,11.000066
2024-11-01,KT,11.000066
2024-12-01,KT,11.000066
2024-01-01,KU,638.0177
2024-02-01,KU,638.0177
2024-03-01,KU,638.0177
2024-04-01,KU,638.0177
2024-05-01,KU,638.0177
2024-06-01,KU,638.0177
2024-07-01,KU,638.0177
2024-08-01,KU,638.0177
2024-09-01,KU,638.0177
2024-10-01,KU,638.0177
2024-11-01,KU,638.0177
2024-12-01,KU,638.0177
2024-01-01,KV,1824.935
2024-02-01,KV,1824.935
2024-03-01,KV,1824.935
2024-04-01,KV,1824.935
2024-05-01,KV,1824.935
2024-06-01,KV,1824.935
2024-07-01,KV,1824.935
2024-08-01,KV,1824.935
2024-09-01,KV,1824.935
2024-10-01,KV,1824.935
2024-11-01,KV,1824.935
2024-12-01,KV,1824.935
2024-01-01,KZ,888.90765
2024-02-01,KZ,888.90765
2024-03-01,KZ,888.90765
2024-04-01,KZ,888.90765
2024-05-01,KZ,888.90765
2024-06-01,KZ,888.90765
2024-07-01,KZ,888.90765
2024-08-01,KZ,888.90765
2024-09-01,KZ,888.90765
2024-10-01,KZ,888.90765
2024-11-01,KZ,888.90765
2024-12-01,KZ,888.90765
2024-01-01,LA,240.01149
2024-02-01,LA,240.01149
2024-03-01,LA,240.01149
2024-04-01,LA,240.01149
2024-05-01,LA,240.01149
2024-06-01,LA,240.01149
2024-07-01,LA,240.01149
2024-08-01,LA,240.01149
2024-09-01,LA,240.01149
2024-10-01,LA,240.01149
2024-11-01,LA,240.01149
2024-12-01,LA,240.01149
2024-01-01,LE,1364.1056
2024-02-01,LE,1364.1056
2024-03-01,LE,1364.1056
2024-04-01,LE,1364.1056
2024-05-01,LE,1364.1056
2024-06-01,LE,1364.1056
2024-07-01,LE,1364.1056
2024-08-01,LE,1364.1056
2024-09-01,LE,1364.1056
2024-10-01,LE,1364.1056
2024-11-01,LE,1364.1056
2024-12-01,LE,1364.1056
2024-01-01,LG,827.986
2024-02-01,LG,827.986
2024-03-01,LG,827.986
2024-04-01,LG,827.986
2024-05-01,LG,827.986
2024-06-01,LG,827.986
2024-07-01,LG,827.986
2024-08-01,LG,827.986
2024-09-01,LG,827.986
2024-10-01,LG,827.986
2024-11-01,LG,827.986
2024-12-01,LG,827.986
2024-01-01,LH,1020.89624
2024-02-01,LH,1020.89624
2024-03-01,LH,1020.89624
2024-04-01,LH,1020.89624
2024-05-01,LH,1020.89624
2024-06-01,LH,1020.89624
2024-07-01,LH,1020.89624
2024-08-01,LH,1020.89624
2024-09-01,LH,1020.89624
2024-10-01,LH,1020.89624
2024-11-01,LH,1020.89624
2024-12-01,LH,1020.89624
2024-01-01,LI,592.0105
2024-02-01,LI,592.0105
2024-03-01,LI,592.0105
2024-04-01,LI,592.0105
2024-05-01,LI,592.0105
2024-06-01,LI,592.0105
2024-07-01,LI,592.0105
2024-08-01,LI,592.0105
2024-09-01,LI,592.0105
2024-10-01,LI,592.0105
2024-11-01,LI,592.0105
2024-12-01,LI,592.0105
2024-01-01,LO,720.91833
2024-02-01,LO,720.91833
2024-03-01,LO,720.91833
2024-04-01,LO,720.91833
2024-05-01,LO,720.91833
2024-06-01,LO,720.91833
2024-07-01,LO,720.91833
2024-08-01,LO,720.91833
2024-09-01,LO,720.91833
2024-10-01,LO,720.91833
2024-11-01,LO,720.91833
2024-12-01,LO,720.91833
2024-01-01,LQ,5.7268303e-06
2024-02-01,LQ,5.7268303e-06
2024-03-01,LQ,5.7268303e-06
2024-04-01,LQ,5.7268303e-06
2024-05-01,LQ,5.7268303e-06
2024-06-01,LQ,5.7268303e-06
2024-07-01,LQ,5.7268303e-06
2024-08-01,LQ,5.7268303e-06
2024-09-01,LQ,5.7268303e-06
2024-10-01,LQ,5.7268303e-06
2024-11-01,LQ,5.7268303e-06
2024-12-01,LQ,5.7268303e-06
2024-01-01,LS,44.00001
2024-02-01,LS,44.00001
2024-03-01,LS,44.00001
2024-04-01,LS,44.00001
2024-05-01,LS,44.00001
2024-06-01,LS,44.00001
2024-07-01,LS,44.00001
2024-08-01,LS,44.00001
2024-09-01,LS,44.00001
2024-10-01,LS,44.00001
2024-11-01,LS,44.00001
2024-12-01,LS,44.00001
2024-01-01,LT,119.001854
2024-02-01,LT,119.001854
2024-03-01,LT,119.001854
2024-04-01,LT,119.001854
2024-05-01,LT,119.001854
2024-06-01,LT,119.001854
2024-07-01,LT,119.001854
2024-08-01,LT,119.001854
2024-09-01,LT,119.001854
2024-10-01,LT,119.001854
2024-11-01,LT,119.001854
2024-12-01,LT,119.001854
2024-01-01,LU,646.9849
2024-02-01,LU,646.9849
2024-03-01,LU,646.9849
2024-04-01,LU,646.9849
2024-05-01,LU,646.9849
2024-06-01,LU,646.9849
2024-07-01,LU,646.9849
2024-08-01,LU,646.9849
2024-09-01,LU,646.9849
2024-10-01,LU,646.9849
2024-11-01,LU,646.9849
2024-12-01,LU,646.9849
2024-01-01,LY,1604.7717
2024-02-01,LY,1604.7717
2024-03-01,LY,1604.7717
2024-04-01,LY,1604.7717
2024-05-01,LY,1604.7717
2024-06-01,LY,1604.7717
2024-07-01,LY,1604.7717
2024-08-01,LY,1604.7717
2024-09-01,LY,1604.7717
2024-10-01,LY,1604.7717
2024-11-01,LY,1604.7717
2024-12-01,LY,1604.7717
2024-01-01,MA,492.00174
2024-02-01,MA,492.00174
2024-03-01,MA,492.00174
2024-04-01,MA,492.00174
2024-05-01,MA,492.00174
2024-06-01,MA,492.00174
2024-07-01,MA,492.00174
2024-08-01,MA,492.00174
2024-09-01,MA,492.00174
2024-10-01,MA,492.00174
2024-11-01,MA,492.00174
2024-12-01,MA,492.00174
2024-01-01,MB,282.99594
2024-02-01,MB,282.99594
2024-03-01,MB,282.99594
2024-04-01,MB,282.99594
2024-05-01,MB,282.99594
2024-06-01,MB,282.99594
2024-07-01,MB,282.99594
2024-08-01,MB,282.99594
2024-09-01,MB,282.99594
2024-10-01,MB,282.99594
2024-11-01,MB,282.99594
2024-12-01,MB,282.99594
2024-01-01,MC,150.99864
2024-02-01,MC,150.99864
2024-03-01,MC,150.99864
2024-04-01,MC,150.99864
2024-05-01,MC,150.99864
2024-06-01,MC,150.99864
2024-07-01,MC,150.99864
2024-08-01,MC,150.99864
2024-09-01,MC,150.99864
2024-10-01,MC,150.99864
2024-11-01,MC,150.99864
2024-12-01,MC,150.99864
2024-01-01,MD,1131.0876
2024-02-01,MD,1131.0876
2024-03-01,MD,1131.0876
2024-04-01,MD,1131.0876
2024-05-01,MD,1131.0876
2024-06-01,MD,1131.0876
2024-07-01,MD,1131.0876
2024-08-01,MD,1131.0876
2024-09-01,MD,1131.0876
2024-10-01,MD,1131.0876
2024-11-01,MD,1131.0876
2024-12-01,MD,1131.0876
2024-01-01,MF,123.010666
2024-02-01,MF,123.010666
2024-03-01,MF,123.010666
2024-04-01,MF,123.010666
2024-05-01,MF,123.010666
2024-06-01,MF,123.010666
2024-07-01,MF,123.010666
2024-08-01,MF,123.010666
2024-09-01,MF,123.010666
2024-10-01,MF,123.010666
2024-11-01,MF,123.010666
2024-12-01,MF,123.010666
2024-01-01,MG,613.97516
2024-02-01,MG,613.97516
2024-03-01,MG,613.97516
2024-04-01,MG,613.97516
2024-05-01,MG,613.97516
2024-06-01,MG,613.97516
2024-07-01,MG,613.97516
2024-08-01,MG,613.97516
2024-09-01,MG,613.97516
2024-10-01,MG,613.97516
2024-11-01,MG,613.97516
2024-12-01,MG,613.97516
2024-01-01,MH,78.99934
2024-02-01,MH,78.99934
2024-03-01,MH,78.99934
2024-04-01,MH,78.99934
2024-05-01,MH,78.99934
2024-06-01,MH,78.99934
2024-07-01,MH,78.99934
2024-08-01,MH,78.99934
2024-09-01,MH,78.99934
2024-10-01,MH,78.99934
2024-11-01,MH,78.99934
2024-12-01,MH,78.99934
2024-01-01,MI,962.9759
2024-02-01,MI,962.9759
2024-03-01,MI,962.9759
2024-04-01,MI,962.9759
2024-05-01,MI,962.9759
2024-06-01,MI,962.9759
2024-07-01,MI,962.9759
2024-08-01,MI,962.9759
2024-09-01,MI,962.9759
2024-10-01,MI,962.9759
2024-11-01,MI,962.9759
2024-12-01,MI,962.9759
2024-01-01,MJ,384.98578
2024-02-01,MJ,384.98578
2024-03-01,MJ,384.98578
2024-04-01,MJ,384.98578
2024-05-01,MJ,384.98578
2024-06-01,MJ,384.98578
2024-07-01,MJ,384.98578
2024-08-01,MJ,384.98578
2024-09-01,MJ,384.98578
2024-10-01,MJ,384.98578
2024-11-01,MJ,384.98578
2024-12-01,MJ,384.98578
2024-01-01,MK,689.0268
2024-02-01,MK,689.0268
2024-03-01,MK,689.0268
2024-04-01,MK,689.0268
2024-05-01,MK,689.0268
2024-06-01,MK,689.0268
2024-07-01,MK,689.0268
2024-08-01,MK,689.0268
2024-09-01,MK,689.0268
2024-10-01,MK,689.0268
2024-11-01,MK,689.0268
2024-12-01,MK,689.0268
2024-01-01,ML,1363.9966
2024-02-01,ML,1363.9966
2024-03-01,ML,1363.9966
2024-04-01,ML,1363.9966
2024-05-01,ML,1363.9966
2024-06-01,ML,1363.9966
2024-07-01,ML,1363.9966
2024-08-01,ML,1363.9966
2024-09-01,ML,1363.9966
2024-10-01,ML,1363.9966
2024-11-01,ML,1363.9966
2024-12-01,ML,1363.9966
2024-01-01,MN,284.98444
2024-02-01,MN,284.98444
2024-03-01,MN,284.98444
2024-04-01,MN,284.98444
2024-05-01,MN,284.98444
2024-06-01,MN,284.98444
2024-07-01,MN,284.98444
2024-08-01,MN,284.98444
2024-09-01,MN,284.98444
2024-10-01,MN,284.98444
2024-11-01,MN,284.98444
2024-12-01,MN,284.98444
2024-01-01,MO,1488.9552
2024-02-01,MO,1488.9552
2024-03-01,MO,1488.9552
2024-04-01,MO,1488.9552
2024-05-01,MO,1488.9552
2024-06-01,MO,1488.9552
2024-07-01,MO,1488.9552
2024-08-01,MO,1488.9552
2024-09-01,MO,1488.9552
2024-10-01,MO,1488.9552
2024-11-01,MO,1488.9552
2024-12-01,MO,1488.9552
2024-01-01,MP,839.91345
2024-02-01,MP,839.91345
2024-03-01,MP,839.91345
2024-04-01,MP,839.91345
2024-05-01,MP,839.91345
2024-06-01,MP,839.91345
2024-07-01,MP,839.91345
2024-08-01,MP,839.91345
2024-09-01,MP,839.91345
2024-10-01,MP,839.91345
2024-11-01,MP,839.91345
2024-12-01,MP,839.91345
2024-01-01,MQ,2.8627169e-06
2024-02-01,MQ,2.8627169e-06
2024-03-01,MQ,2.8627169e-06
2024-04-01,MQ,2.8627169e-06
2024-05-01,MQ,2.8627169e-06
2024-06-01,MQ,2.8627169e-06
2024-07-01,MQ,2.8627169e-06
2024-08-01,MQ,2.8627169e-06
2024-09-01,MQ,2.8627169e-06
2024-10-01,MQ,2.8627169e-06
2024-11-01,MQ,2.8627169e-06
2024-12-01,MQ,2.8627169e-06
2024-01-01,MR,381.00262
2024-02-01,MR,381.00262
2024-03-01,MR,381.00262
2024-04-01,MR,381.00262
2024-05-01,MR,381.00262
2024-06-01,MR,381.00262
2024-07-01,MR,381.00262
2024-08-01,MR,381.00262
2024-09-01,MR,381.00262
2024-10-01,MR,381.00262
2024-11-01,MR,381.00262
2024-12-01,MR,381.00262
2024-01-01,MT,952.99835
2024-02-01,MT,952.99835
2024-03-01,MT,952.99835
2024-04-01,MT,952.99835
2024-05-01,MT,952.99835
2024-06-01,MT,952.99835
2024-07-01,MT,952.99835
2024-08-01,MT,952.99835
2024-09-01,MT,952.99835
2024-10-01,MT,952.99835
2024-11-01,MT,952.99835
2024-12-01,MT,952.99835
2024-01-01,MU,547.9736
2024-02-01,MU,547.9736
2024-03-01,MU,547.9736
2024-04-01,MU,547.9736
2024-05-01,MU,547.9736
2024-06-01,MU,547.9736
2024-07-01,MU,547.9736
2024-08-01,MU,547.9736
2024-09-01,MU,547.9736
2024-10-01,MU,547.9736
2024-11-01,MU,547.9736
2024-12-01,MU,547.9736
2024-01-01,MV,386.00345
2024-02-01,MV,386.00345
2024-03-01,MV,386.00345
2024-04-01,MV,386.00345
2024-05-01,MV,386.00345
2024-06-01,MV,386.00345
2024-07-01,MV,386.00345
2024-08-01,MV,386.00345
2024-09-01,MV,386.00345
2024-10-01,MV,386.00345
2024-11-01,MV,386.00345
2024-12-01,MV,386.00345
2024-01-01,MX,4705.2095
2024-02-01,MX,4705.2095
2024-03-01,MX,4705.2095
2024-04-01,MX,4705.2095
2024-05-01,MX,4705.2095
2024-06-01,MX,4705.2095
2024-07-01,MX,4705.2095
2024-08-01,MX,4705.2095
2024-09-01,MX,4705.2095
2024-10-01,MX,4705.2095
2024-11-01,MX,4705.2095
2024-12-01,MX,4705.2095
2024-01-01,MY,1298.0338
2024-02-01,MY,1298.0338
2024-03-01,MY,1298.0338
2024-04-01,MY,1298.0338
2024-05-01,MY,1298.0338
2024-06-01,MY,1298.0338
2024-07-01,MY,1298.0338
2024-08-01,MY,1298.0338
2024-09-01,MY,1298.0338
2024-10-01,MY,1298.0338
2024-11-01,MY,1298.0338
2024-12-01,MY,1298.0338
2024-01-01,MZ,606.96954
2024-02-01,MZ,606.96954
2024-03-01,MZ,606.96954
2024-04-01,MZ,606.96954
2024-05-01,MZ,606.96954
2024-06-01,MZ,606.96954
2024-07-01,MZ,606.96954
2024-08-01,MZ,606.96954
2024-09-01,MZ,606.96954
2024-10-01,MZ,606.96954
2024-11-01,MZ,606.96954
2024-12-01,MZ,606.96954
2024-01-01,NC,22.00086
2024-02-01,NC,22.00086
2024-03-01,NC,22.00086
2024-04-01,NC,22.00086
2024-05-01,NC,22.00086
2024-06-01,NC,22.00086
2024-07-01,NC,22.00086
2024-08-01,NC,22.00086
2024-09-01,NC,22.00086
2024-10-01,NC,22.00086
2024-11-01,NC,22.00086
2024-12-01,NC,22.00086
2024-01-01,NE,10.999816
2024-02-01,NE,10.999816
2024-03-01,NE,10.999816
2024-04-01,NE,10.999816
2024-05-01,NE,10.999816
2024-06-01,NE,10.999816
2024-07-01,NE,10.999816
2024-08-01,NE,10.999816
2024-09-01,NE,10.999816
2024-10-01,NE,10.999816
2024-11-01,NE,10.999816
2024-12-01,NE,10.999816
2024-01-01,NF,8.694967e-05
2024-02-01,NF,8.694967e-05
2024-03-01,NF,8.694967e-05
2024-04-01,NF,8.694967e-05
2024-05-01,NF,8.694967e-05
2024-06-01,NF,8.694967e-05
2024-07-01,NF,8.694967e-05
2024-08-01,NF,8.694967e-05
2024-09-01,NF,8.694967e-05
2024-10-01,NF,8.694967e-05
2024-11-01,NF,8.694967e-05
2024-12-01,NF,8.694967e-05
2024-01-01,NG,757.9942
2024-02-01,NG,757.9942
2024-03-01,NG,757.9942
2024-04-01,NG,757.9942
2024-05-01,NG,757.9942
2024-06-01,NG,757.9942
2024-07-01,NG,757.9942
2024-08-01,NG,757.9942
2024-09-01,NG,757.9942
2024-10-01,NG,757.9942
2024-11-01,NG,757.9942
2024-12-01,NG,757.9942
2024-01-01,NH,95.99574
2024-02-01,NH,95.99574
2024-03-01,NH,95.99574
2024-04-01,NH,95.99574
2024-05-01,NH,95.99574
2024-06-01,NH,95.99574
2024-07-01,NH,95.99574
2024-08-01,NH,95.99574
2024-09-01,NH,95.99574
2024-10-01,NH,95.99574
2024-11-01,NH,95.99574
2024-12-01,NH,95.99574
2024-01-01,NI,6577.926
2024-02-01,NI,6577.926
2024-03-01,NI,6577.926
2024-04-01,NI,6577.926
2024-05-01,NI,6577.926
2024-06-01,NI,6577.926
2024-07-01,NI,6577.926
2024-08-01,NI,6577.926
2024-09-01,NI,6577.926
2024-10-01,NI,6577.926
2024-11-01,NI,6577.926
2024-12-01,NI,6577.926
2024-01-01,NL,1774.0415
2024-02-01,NL,1774.0415
2024-03-01,NL,1774.0415
2024-04-01,NL,1774.0415
2024-05-01,NL,1774.0415
2024-06-01,NL,1774.0415
2024-07-01,NL,1774.0415
2024-08-01,NL,1774.0415
2024-09-01,NL,1774.0415
2024-10-01,NL,1774.0415
2024-11-01,NL,1774.0415
2024-12-01,NL,1774.0415
2024-01-01,NO,1468.902
2024-02-01,NO,1468.902
2024-03-01,NO,1468.902
2024-04-01,NO,1468.902
2024-05-01,NO,1468.902
2024-06-01,NO,1468.902
2024-07-01,NO,1468.902
2024-08-01,NO,1468.902
2024-09-01,NO,1468.902
2024-10-01,NO,1468.902
2024-11-01,NO,1468.902
2024-12-01,NO,1468.902
2024-01-01,NP,1438.9644
2024-02-01,NP,1438.9644
2024-03-01,NP,1438.9644
2024-04-01,NP,1438.9644
2024-05-01,NP,1438.9644
2024-06-01,NP,1438.9644
2024-07-01,NP,1438.9644
2024-08-01,NP,1438.9644
2024-09-01,NP,1438.9644
2024-10-01,NP,1438.9644
2024-11-01,NP,1438.9644
2024-12-01,NP,1438.9644
2024-01-01,NR,12.111231
2024-02-01,NR,12.111231
2024-03-01,NR,12.111231
2024-04-01,NR,12.111231
2024-05-01,NR,12.111231
2024-06-01,NR,12.111231
2024-07-01,NR,12.111231
2024-08-01,NR,12.111231
2024-09-01,NR,12.111231
2024-10-01,NR,12.111231
2024-11-01,NR,12.111231
2024-12-01,NR,12.111231
2024-01-01,NS,294.99384
2024-02-01,NS,294.99384
2024-03-01,NS,294.99384
2024-04-01,NS,294.99384
2024-05-01,NS,294.99384
2024-06-01,NS,294.99384
2024-07-01,NS,294.99384
2024-08-01,NS,294.99384
2024-09-01,NS,294.99384
2024-10-01,NS,294.99384
2024-11-01,NS,294.99384
2024-12-01,NS,294.99384
2024-01-01,NT,8.252247e-05
2024-02-01,NT,8.252247e-05
2024-03-01,NT,8.252247e-05
2024-04-01,NT,8.252247e-05
2024-05-01,NT,8.252247e-05
2024-06-01,NT,8.252247e-05
2024-07-01,NT,8.252247e-05
2024-08-01,NT,8.252247e-05
2024-09-01,NT,8.252247e-05
2024-10-01,NT,8.252247e-05
2024-11-01,NT,8.252247e-05
2024-12-01,NT,8.252247e-05
2024-01-01,NU,1261.9303
2024-02-01,NU,1261.9303
2024-03-01,NU,1261.9303
2024-04-01,NU,1261.9303
2024-05-01,NU,1261.9303
2024-06-01,NU,1261.9303
2024-07-01,NU,1261.9303
2024-08-01,NU,1261.9303
2024-09-01,NU,1261.9303
2024-10-01,NU,1261.9303
2024-11-01,NU,1261.9303
2024-12-01,NU,1261.9303
2024-01-01,NZ,1445.0653
2024-02-01,NZ,1445.0653
2024-03-01,NZ,1445.0653
2024-04-01,NZ,1445.0653
2024-05-01,NZ,1445.0653
2024-06-01,NZ,1445.0653
2024-07-01,NZ,1445.0653
2024-08-01,NZ,1445.0653
2024-09-01,NZ,1445.0653
2024-10-01,NZ,1445.0653
2024-11-01,NZ,1445.0653
2024-12-01,NZ,1445.0653
2024-01-01,OC,43.99996
2024-02-01,OC,43.99996
2024-03-01,OC,43.99996
2024-04-01,OC,43.99996
2024-05-01,OC,43.99996
2024-06-01,OC,43.99996
2024-07-01,OC,43.99996
2024-08-01,OC,43.99996
2024-09-01,OC,43.99996
2024-10-01,OC,43.99996
2024-11-01,OC,43.99996
2024-12-01,OC,43.99996
2024-01-01,OD,676.0032
2024-02-01,OD,676.0032
2024-03-01,OD,676.0032
2024-04-01,OD,676.0032
2024-05-01,OD,676.0032
2024-06-01,OD,676.0032
2024-07-01,OD,676.0032
2024-08-01,OD,676.0032
2024-09-01,OD,676.0032
2024-10-01,OD,676.0032
2024-11-01,OD,676.0032
2024-12-01,OD,676.0032
2024-01-01,OS,623.99884
2024-02-01,OS,623.99884
2024-03-01,OS,623.99884
2024-04-01,OS,623.99884
2024-05-01,OS,623.99884
2024-06-01,OS,623.99884
2024-07-01,OS,623.99884
2024-08-01,OS,623.99884
2024-09-01,OS,623.99884
2024-10-01,OS,623.99884
2024-11-01,OS,623.99884
2024-12-01,OS,623.99884
2024-01-01,PA,645.96564
2024-02-01,PA,645.96564
2024-03-01,PA,645.96564
2024-04-01,PA,645.96564
2024-05-01,PA,645.96564
2024-06-01,PA,645.96564
2024-07-01,PA,645.96564
2024-08-01,PA,645.96564
2024-09-01,PA,645.96564
2024-10-01,PA,645.96564
2024-11-01,PA,645.96564
2024-12-01,PA,645.96564
2024-01-01,PC,0.00045179084
2024-02-01,PC,0.00045179084
2024-03-01,PC,0.00045179084
2024-04-01,PC,0.00045179084
2024-05-01,PC,0.00045179084
2024-06-01,PC,0.00045179084
2024-07-01,PC,0.00045179084
2024-08-01,PC,0.00045179084
2024-09-01,PC,0.00045179084
2024-10-01,PC,0.00045179084
2024-11-01,PC,0.00045179084
2024-12-01,PC,0.00045179084
2024-01-01,PE,5486.4585
2024-02-01,PE,5486.4585
2024-03-01,PE,5486.4585
2024-04-01,PE,5486.4585
2024-05-01,PE,5486.4585
2024-06-01,PE,5486.4585
2024-07-01,PE,5486.4585
2024-08-01,PE,5486.4585
2024-09-01,PE,5486.4585
2024-10-01,PE,5486.4585
2024-11-01,PE,5486.4585
2024-12-01,PE,5486.4585
2024-01-01,PF,9.4292496e-05
2024-02-01,PF,9.4292496e-05
2024-03-01,PF,9.4292496e-05
2024-04-01,PF,9.4292496e-05
2024-05-01,PF,9.4292496e-05
2024-06-01,PF,9.4292496e-05
2024-07-01,PF,9.4292496e-05
2024-08-01,PF,9.4292496e-05
2024-09-01,PF,9.4292496e-05
2024-10-01,PF,9.4292496e-05
2024-11-01,PF,9.4292496e-05
2024-12-01,PF,9.4292496e-05
2024-01-01,PG,10.999811
2024-02-01,PG,10.999811
2024-03-01,PG,10.999811
2024-04-01,PG,10.999811
2024-05-01,PG,10.999811
2024-06-01,PG,10.999811
2024-07-01,PG,10.999811
2024-08-01,PG,10.999811
2024-09-01,PG,10.999811
2024-10-01,PG,10.999811
2024-11-01,PG,10.999811
2024-12-01,PG,10.999811
2024-01-01,PK,6594.865
2024-02-01,PK,6594.865
2024-03-01,PK,6594.865
2024-04-01,PK,6594.865
2024-05-01,PK,6594.865
2024-06-01,PK,6594.865
2024-07-01,PK,6594.865
2024-08-01,PK,6594.865
2024-09-01,PK,6594.865
2024-10-01,PK,6594.865
2024-11-01,PK,6594.865
2024-12-01,PK,6594.865
2024-01-01,PL,2187.941
2024-02-01,PL,2187.941
2024-03-01,PL,2187.941
2024-04-01,PL,2187.941
2024-05-01,PL,2187.941
2024-06-01,PL,2187.941
2024-07-01,PL,2187.941
2024-08-01,PL,2187.941
2024-09-01,PL,2187.941
2024-10-01,PL,2187.941
2024-11-01,PL,2187.941
2024-12-01,PL,2187.941
2024-01-01,PM,859.85156
2024-02-01,PM,859.85156
2024-03-01,PM,859.85156
2024-04-01,PM,859.85156
2024-05-01,PM,859.85156
2024-06-01,PM,859.85156
2024-07-01,PM,859.85156
2024-08-01,PM,859.85156
2024-09-01,PM,859.85156
2024-10-01,PM,859.85156
2024-11-01,PM,859.85156
2024-12-01,PM,859.85156
2024-01-01,PO,1258.0117
2024-02-01,PO,1258.0117
2024-03-01,PO,1258.0117
2024-04-01,PO,1258.0117
2024-05-01,PO,1258.0117
2024-06-01,PO,1258.0117
2024-07-01,PO,1258.0117
2024-08-01,PO,1258.0117
2024-09-01,PO,1258.0117
2024-10-01,PO,1258.0117
2024-11-01,PO,1258.0117
2024-12-01,PO,1258.0117
2024-01-01,PP,171.00314
2024-02-01,PP,171.00314
2024-03-01,PP,171.00314
2024-04-01,PP,171.00314
2024-05-01,PP,171.00314
2024-06-01,PP,171.00314
2024-07-01,PP,171.00314
2024-08-01,PP,171.00314
2024-09-01,PP,171.00314
2024-10-01,PP,171.00314
2024-11-01,PP,171.00314
2024-12-01,PP,171.00314
2024-01-01,PS,91.004135
2024-02-01,PS,91.004135
2024-03-01,PS,91.004135
2024-04-01,PS,91.004135
2024-05-01,PS,91.004135
2024-06-01,PS,91.004135
2024-07-01,PS,91.004135
2024-08-01,PS,91.004135
2024-09-01,PS,91.004135
2024-10-01,PS,91.004135
2024-11-01,PS,91.004135
2024-12-01,PS,91.004135
2024-01-01,PU,34.99753
2024-02-01,PU,34.99753
2024-03-01,PU,34.99753
2024-04-01,PU,34.99753
2024-05-01,PU,34.99753
2024-06-01,PU,34.99753
2024-07-01,PU,34.99753
2024-08-01,PU,34.99753
2024-09-01,PU,34.99753
2024-10-01,PU,34.99753
2024-11-01,PU,34.99753
2024-12-01,PU,34.99753
2024-01-01,QA,1545.8375
2024-02-01,QA,1545.8375
2024-03-01,QA,1545.8375
2024-04-01,QA,1545.8375
2024-05-01,QA,1545.8375
2024-06-01,QA,1545.8375
2024-07-01,QA,1545.8375
2024-08-01,QA,1545.8375
2024-09-01,QA,1545.8375
2024-10-01,QA,1545.8375
2024-11-01,QA,1545.8375
2024-12-01,QA,1545.8375
2024-01-01,RB,2253.8284
2024-02-01,RB,2253.8284
2024-03-01,RB,2253.8284
2024-04-01,RB,2253.8284
2024-05-01,RB,2253.8284
2024-06-01,RB,2253.8284
2024-07-01,RB,2253.8284
2024-08-01,RB,2253.8284
2024-09-01,RB,2253.8284
2024-10-01,RB,2253.8284
2024-11-01,RB,2253.8284
2024-12-01,RB,2253.8284
2024-01-01,RE,217.99574
2024-02-01,RE,217.99574
2024-03-01,RE,217.99574
2024-04-01,RE,217.99574
2024-05-01,RE,217.99574
2024-06-01,RE,217.99574
2024-07-01,RE,217.99574
2024-08-01,RE,217.99574
2024-09-01,RE,217.99574
2024-10-01,RE,217.99574
2024-11-01,RE,217.99574
2024-12-01,RE,217.99574
2024-01-01,RI,1498.0078
2024-02-01,RI,1498.0078
2024-03-01,RI,1498.0078
2024-04-01,RI,1498.0078
2024-05-01,RI,1498.0078
2024-06-01,RI,1498.0078
2024-07-01,RI,1498.0078
2024-08-01,RI,1498.0078
2024-09-01,RI,1498.0078
2024-10-01,RI,1498.0078
2024-11-01,RI,1498.0078
2024-12-01,RI,1498.0078
2024-01-01,RM,59.003887
2024-02-01,RM,59.003887
2024-03-01,RM,59.003887
2024-04-01,RM,59.003887
2024-05-01,RM,59.003887
2024-06-01,RM,59.003887
2024-07-01,RM,59.003887
2024-08-01,RM,59.003887
2024-09-01,RM,59.003887
2024-10-01,RM,59.003887
2024-11-01,RM,59.003887
2024-12-01,RM,59.003887
2024-01-01,RN,45.000004
2024-02-01,RN,45.000004
2024-03-01,RN,45.000004
2024-04-01,RN,45.000004
2024-05-01,RN,45.000004
2024-06-01,RN,45.000004
2024-07-01,RN,45.000004
2024-08-01,RN,45.000004
2024-09-01,RN,45.000004
2024-10-01,RN,45.000004
2024-11-01,RN,45.000004
2024-12-01,RN,45.000004
2024-01-01,RO,2007.8282
2024-02-01,RO,2007.8282
2024-03-01,RO,2007.8282
2024-04-01,RO,2007.8282
2024-05-01,RO,2007.8282
2024-06-01,RO,2007.8282
2024-07-01,RO,2007.8282
2024-08-01,RO,2007.8282
2024-09-01,RO,2007.8282
2024-10-01,RO,2007.8282
2024-11-01,RO,2007.8282
2024-12-01,RO,2007.8282
2024-01-01,RP,2109.039
2024-02-01,RP,2109.039
2024-03-01,RP,2109.039
2024-04-01,RP,2109.039
2024-05-01,RP,2109.039
2024-06-01,RP,2109.039
2024-07-01,RP,2109.039
2024-08-01,RP,2109.039
2024-09-01,RP,2109.039
2024-10-01,RP,2109.039
2024-11-01,RP,2109.039
2024-12-01,RP,2109.039
2024-01-01,RQ,506.98422
2024-02-01,RQ,506.98422
2024-03-01,RQ,506.98422
2024-04-01,RQ,506.98422
2024-05-01,RQ,506.98422
2024-06-01,RQ,506.98422
2024-07-01,RQ,506.98422
2024-08-01,RQ,506.98422
2024-09-01,RQ,506.98422
2024-10-01,RQ,506.98422
2024-11-01,RQ,506.98422
2024-12-01,RQ,506.98422
2024-01-01,RS,19895.307
2024-02-01,RS,19895.307
2024-03-01,RS,19895.307
2024-04-01,RS,19895.307
2024-05-01,RS,19895.307
2024-06-01,RS,19895.307
2024-07-01,RS,19895.307
2024-08-01,RS,19895.307
2024-09-01,RS,19895.307
2024-10-01,RS,19895.307
2024-11-01,RS,19895.307
2024-12-01,RS,19895.307
2024-01-01,RW,1229.9484
2024-02-01,RW,1229.9484
2024-03-01,RW,1229.9484
2024-04-01,RW,1229.9484
2024-05-01,RW,1229.9484
2024-06-01,RW,1229.9484
2024-07-01,RW,1229.9484
2024-08-01,RW,1229.9484
2024-09-01,RW,1229.9484
2024-10-01,RW,1229.9484
2024-11-01,RW,1229.9484
2024-12-01,RW,1229.9484
2024-01-01,SA,1784.0654
2024-02-01,SA,1784.0654
2024-03-01,SA,1784.0654
2024-04-01,SA,1784.0654
2024-05-01,SA,1784.0654
2024-06-01,SA,1784.0654
2024-07-01,SA,1784.0654
2024-08-01,SA,1784.0654
2024-09-01,SA,1784.0654
2024-10-01,SA,1784.0654
2024-11-01,SA,1784.0654
2024-12-01,SA,1784.0654
2024-01-01,SB,4.8468413e-05
2024-02-01,SB,4.8468413e-05
2024-03-01,SB,4.8468413e-05
2024-04-01,SB,4.8468413e-05
2024-05-01,SB,4.8468413e-05
2024-06-01,SB,4.8468413e-05
2024-07-01,SB,4.8468413e-05
2024-08-01,SB,4.8468413e-05
2024-09-01,SB,4.8468413e-05
2024-10-01,SB,4.8468413e-05
2024-11-01,SB,4.8468413e-05
2024-12-01,SB,4.8468413e-05
2024-01-01,SC,79.99736
2024-02-01,SC,79.99736
2024-03-01,SC,79.99736
2024-04-01,SC,79.99736
2024-05-01,SC,79.99736
2024-06-01,SC,79.99736
2024-07-01,SC,79.99736
2024-08-01,SC,79.99736
2024-09-01,SC,79.99736
2024-10-01,SC,79.99736
2024-11-01,SC,79.99736
2024-12-01,SC,79.99736
2024-01-01,SE,190.97752
2024-02-01,SE,190.97752
2024-03-01,SE,190.97752
2024-04-01,SE,190.97752
2024-05-01,SE,190.97752
2024-06-01,SE,190.97752
2024-07-01,SE,190.97752
2024-08-01,SE,190.97752
2024-09-01,SE,190.97752
2024-10-01,SE,190.97752
2024-11-01,SE,190.97752
2024-12-01,SE,190.97752
2024-01-01,SF,4149.88
2024-02-01,SF,4149.88
2024-03-01,SF,4149.88
2024-04-01,SF,4149.88
2024-05-01,SF,4149.88
2024-06-01,SF,4149.88
2024-07-01,SF,4149.88
2024-08-01,SF,4149.88
2024-09-01,SF,4149.88
2024-10-01,SF,4149.88
2024-11-01,SF,4149.88
2024-12-01,SF,4149.88
2024-01-01,SG,1004.9141
2024-02-01,SG,1004.9141
2024-03-01,SG,1004.9141
2024-04-01,SG,1004.9141
2024-05-01,SG,1004.9141
2024-06-01,SG,1004.9141
2024-07-01,SG,1004.9141
2024-08-01,SG,1004.9141
2024-09-01,SG,1004.9141
2024-10-01,SG,1004.9141
2024-11-01,SG,1004.9141
2024-12-01,SG,1004.9141
2024-01-01,SH,0.0004794402
2024-02-01,SH,0.0004794402
2024-03-01,SH,0.0004794402
2024-04-01,SH,0.0004794402
2024-05-01,SH,0.0004794402
2024-06-01,SH,0.0004794402
2024-07-01,SH,0.0004794402
2024-08-01,SH,0.0004794402
2024-09-01,SH,0.0004794402
2024-10-01,SH,0.0004794402
2024-11-01,SH,0.0004794402
2024-12-01,SH,0.0004794402
2024-01-01,SI,464.97336
2024-02-01,SI,464.97336
2024-03-01,SI,464.97336
2024-04-01,SI,464.97336
2024-05-01,SI,464.97336
2024-06-01,SI,464.97336
2024-07-01,SI,464.97336
2024-08-01,SI,464.97336
2024-09-01,SI,464.97336
2024-10-01,SI,464.97336
2024-11-01,SI,464.97336
2024-12-01,SI,464.97336
2024-01-01,SL,269.0017
2024-02-01,SL,269.0017
2024-03-01,SL,269.0017
2024-04-01,SL,269.0017
2024-05-01,SL,269.0017
2024-06-01,SL,269.0017
2024-07-01,SL,269.0017
2024-08-01,SL,269.0017
2024-09-01,SL,269.0017
2024-10-01,SL,269.0017
2024-11-01,SL,269.0017
2024-12-01,SL,269.0017
2024-01-01,SM,22.000126
2024-02-01,SM,22.000126
2024-03-01,SM,22.000126
2024-04-01,SM,22.000126
2024-05-01,SM,22.000126
2024-06-01,SM,22.000126
2024-07-01,SM,22.000126
2024-08-01,SM,22.000126
2024-09-01,SM,22.000126
2024-10-01,SM,22.000126
2024-11-01,SM,22.000126
2024-12-01,SM,22.000126
2024-01-01,SN,972.009
2024-02-01,SN,972.009
2024-03-01,SN,972.009
2024-04-01,SN,972.009
2024-05-01,SN,972.009
2024-06-01,SN,972.009
2024-07-01,SN,972.009
2024-08-01,SN,972.009
2024-09-01,SN,972.009
2024-10-01,SN,972.009
2024-11-01,SN,972.009
2024-12-01,SN,972.009
2024-01-01,SO,954.00507
2024-02-01,SO,954.00507
2024-03-01,SO,954.00507
2024-04-01,SO,954.00507
2024-05-01,SO,954.00507
2024-06-01,SO,954.00507
2024-07-01,SO,954.00507
2024-08-01,SO,954.00507
2024-09-01,SO,954.00507
2024-10-01,SO,954.00507
2024-11-01,SO,954.00507
2024-12-01,SO,954.00507
2024-01-01,SP,3671.117
2024-02-01,SP,3671.117
2024-03-01,SP,3671.117
2024-04-01,SP,3671.117
2024-05-01,SP,3671.117
2024-06-01,SP,3671.117
2024-07-01,SP,3671.117
2024-08-01,SP,3671.117
2024-09-01,SP,3671.117
2024-10-01,SP,3671.117
2024-11-01,SP,3671.117
2024-12-01,SP,3671.117
2024-01-01,ST,198.99004
2024-02-01,ST,198.99004
2024-03-01,ST,198.99004
2024-04-01,ST,198.99004
2024-05-01,ST,198.99004
2024-06-01,ST,198.99004
2024-07-01,ST,198.99004
2024-08-01,ST,198.99004
2024-09-01,ST,198.99004
2024-10-01,ST,198.99004
2024-11-01,ST,198.99004
2024-12-01,ST,198.99004
2024-01-01,SU,1537.0084
2024-02-01,SU,1537.0084
2024-03-01,SU,1537.0084
2024-04-01,SU,1537.0084
2024-05-01,SU,1537.0084
2024-06-01,SU,1537.0084
2024-07-01,SU,1537.0084
2024-08-01,SU,1537.0084
2024-09-01,SU,1537.0084
2024-10-01,SU,1537.0084
2024-11-01,SU,1537.0084
2024-12-01,SU,1537.0084
2024-01-01,SV,32.999603
2024-02-01,SV,32.999603
2024-03-01,SV,32.999603
2024-04-01,SV,32.999603
2024-05-01,SV,32.999603
2024-06-01,SV,32.999603
2024-07-01,SV,32.999603
2024-08-01,SV,32.999603
2024-09-01,SV,32.999603
2024-10-01,SV,32.999603
2024-11-01,SV,32.999603
2024-12-01,SV,32.999603
2024-01-01,SW,1890.0542
2024-02-01,SW,1890.0542
2024-03-01,SW,1890.0542
2024-04-01,SW,1890.0542
2024-05-01,SW,1890.0542
2024-06-01,SW,1890.0542
2024-07-01,SW,1890.0542
2024-08-01,SW,1890.0542
2024-09-01,SW,1890.0542
2024-10-01,SW,1890.0542
2024-11-01,SW,1890.0542
2024-12-01,SW,1890.0542
2024-01-01,SY,2333.269
2024-02-01,SY,2333.269
2024-03-01,SY,2333.269
2024-04-01,SY,2333.269
2024-05-01,SY,2333.269
2024-06-01,SY,2333.269
2024-07-01,SY,2333.269
2024-08-01,SY,2333.269
2024-09-01,SY,2333.269
2024-10-01,SY,2333.269
2024-11-01,SY,2333.269
2024-12-01,SY,2333.269
2024-01-01,SZ,1567.0105
2024-02-01,SZ,1567.0105
2024-03-01,SZ,1567.0105
2024-04-01,SZ,1567.0105
2024-05-01,SZ,1567.0105
2024-06-01,SZ,1567.0105
2024-07-01,SZ,1567.0105
2024-08-01,SZ,1567.0105
2024-09-01,SZ,1567.0105
2024-10-01,SZ,1567.0105
2024-11-01,SZ,1567.0105
2024-12-01,SZ,1567.0105
2024-01-01,TD,815.93256
2024-02-01,TD,815.93256
2024-03-01,TD,815.93256
2024-04-01,TD,815.93256
2024-05-01,TD,815.93256
2024-06-01,TD,815.93256
2024-07-01,TD,815.93256
2024-08-01,TD,815.93256
2024-09-01,TD,815.93256
2024-10-01,TD,815.93256
2024-11-01,TD,815.93256
2024-12-01,TD,815.93256
2024-01-01,TE,0.0
2024-02-01,TE,0.0
2024-03-01,TE,0.0
2024-04-01,TE,0.0
2024-05-01,TE,0.0
2024-06-01,TE,0.0
2024-07-01,TE,0.0
2024-08-01,TE,0.0
2024-09-01,TE,0.0
2024-10-01,TE,0.0
2024-11-01,TE,0.0
2024-12-01,TE,0.0
2024-01-01,TH,1795.0154
2024-02-01,TH,1795.0154
2024-03-01,TH,1795.0154
2024-04-01,TH,1795.0154
2024-05-01,TH,1795.0154
2024-06-01,TH,1795.0154
2024-07-01,TH,1795.0154
2024-08-01,TH,1795.0154
2024-09-01,TH,1795.0154
2024-10-01,TH,1795.0154
2024-11-01,TH,1795.0154
2024-12-01,TH,1795.0154
2024-01-01,TI,524.98724
2024-02-01,TI,524.98724
2024-03-01,TI,524.98724
2024-04-01,TI,524.98724
2024-05-01,TI,524.98724
2024-06-01,TI,524.98724
2024-07-01,TI,524.98724
2024-08-01,TI,524.98724
2024-09-01,TI,524.98724
2024-10-01,TI,524.98724
2024-11-01,TI,524.98724
2024-12-01,TI,524.98724
2024-01-01,TK,33.00067
2024-02-01,TK,33.00067
2024-03-01,TK,33.00067
2024-04-01,TK,33.00067
2024-05-01,TK,33.00067
2024-06-01,TK,33.00067
2024-07-01,TK,33.00067
2024-08-01,TK,33.00067
2024-09-01,TK,33.00067
2024-10-01,TK,33.00067
2024-11-01,TK,33.00067
2024-12-01,TK,33.00067
2024-01-01,TL,7.9787256e-05
2024-02-01,TL,7.9787256e-05
2024-03-01,TL,7.9787256e-05
2024-04-01,TL,7.9787256e-05
2024-05-01,TL,7.9787256e-05
2024-06-01,TL,7.9787256e-05
2024-07-01,TL,7.9787256e-05
2024-08-01,TL,7.9787256e-05
2024-09-01,TL,7.9787256e-05
2024-10-01,TL,7.9787256e-05
2024-11-01,TL,7.9787256e-05
2024-12-01,TL,7.9787256e-05
2024-01-01,TN,78.000145
2024-02-01,TN,78.000145
2024-03-01,TN,78.000145
2024-04-01,TN,78.000145
2024-05-01,TN,78.000145
2024-06-01,TN,78.000145
2024-07-01,TN,78.000145
2024-08-01,TN,78.000145
2024-09-01,TN,78.000145
2024-10-01,TN,78.000145
2024-11-01,TN,78.000145
2024-12-01,TN,78.000145
2024-01-01,TO,246.01471
2024-02-01,TO,246.01471
2024-03-01,TO,246.01471
2024-04-01,TO,246.01471
2024-05-01,TO,246.01471
2024-06-01,TO,246.01471
2024-07-01,TO,246.01471
2024-08-01,TO,246.01471
2024-09-01,TO,246.01471
2024-10-01,TO,246.01471
2024-11-01,TO,246.01471
2024-12-01,TO,246.01471
2024-01-01,TP,128.97696
2024-02-01,TP,128.97696
2024-03-01,TP,128.97696
2024-04-01,TP,128.97696
2024-05-01,TP,128.97696
2024-06-01,TP,128.97696
2024-07-01,TP,128.97696
2024-08-01,TP,128.97696
2024-09-01,TP,128.97696
2024-10-01,TP,128.97696
2024-11-01,TP,128.97696
2024-12-01,TP,128.97696
2024-01-01,TS,1532.0161
2024-02-01,TS,1532.0161
2024-03-01,TS,1532.0161
2024-04-01,TS,1532.0161
2024-05-01,TS,1532.0161
2024-06-01,TS,1532.0161
2024-07-01,TS,1532.0161
2024-08-01,TS,1532.0161
2024-09-01,TS,1532.0161
2024-10-01,TS,1532.0161
2024-11-01,TS,1532.0161
2024-12-01,TS,1532.0161
2024-01-01,TT,69.00722
2024-02-01,TT,69.00722
2024-03-01,TT,69.00722
2024-04-01,TT,69.00722
2024-05-01,TT,69.00722
2024-06-01,TT,69.00722
2024-07-01,TT,69.00722
2024-08-01,TT,69.00722
2024-09-01,TT,69.00722
2024-10-01,TT,69.00722
2024-11-01,TT,69.00722
2024-12-01,TT,69.00722
2024-01-01,TU,4465.9946
2024-02-01,TU,4465.9946
2024-03-01,TU,4465.9946
2024-04-01,TU,4465.9946
2024-05-01,TU,4465.9946
2024-06-01,TU,4465.9946
2024-07-01,TU,4465.9946
2024-08-01,TU,4465.9946
2024-09-01,TU,4465.9946
2024-10-01,TU,4465.9946
2024-11-01,TU,4465.9946
2024-12-01,TU,4465.9946
2024-01-01,TV,0.00030127264
2024-02-01,TV,0.00030127264
2024-03-01,TV,0.00030127264
2024-04-01,TV,0.00030127264
2024-05-01,TV,0.00030127264
2024-06-01,TV,0.00030127264
2024-07-01,TV,0.00030127264
2024-08-01,TV,0.00030127264
2024-09-01,TV,0.00030127264
2024-10-01,TV,0.00030127264
2024-11-01,TV,0.00030127264
2024-12-01,TV,0.00030127264
2024-01-01,TW,1272.8721
2024-02-01,TW,1272.8721
2024-03-01,TW,1272.8721
2024-04-01,TW,1272.8721
2024-05-01,TW,1272.8721
2024-06-01,TW,1272.8721
2024-07-01,TW,1272.8721
2024-08-01,TW,1272.8721
2024-09-01,TW,1272.8721
2024-10-01,TW,1272.8721
2024-11-01,TW,1272.8721
2024-12-01,TW,1272.8721
2024-01-01,TX,141.00456
2024-02-01,TX,141.00456
2024-03-01,TX,141.00456
2024-04-01,TX,141.00456
2024-05-01,TX,141.00456
2024-06-01,TX,141.00456
2024-07-01,TX,141.00456
2024-08-01,TX,141.00456
2024-09-01,TX,141.00456
2024-10-01,TX,141.00456
2024-11-01,TX,141.00456
2024-12-01,TX,141.00456
2024-01-01,TZ,670.9865
2024-02-01,TZ,670.9865
2024-03-01,TZ,670.9865
2024-04-01,TZ,670.9865
2024-05-01,TZ,670.9865
2024-06-01,TZ,670.9865
2024-07-01,TZ,670.9865
2024-08-01,TZ,670.9865
2024-09-01,TZ,670.9865
2024-10-01,TZ,670.9865
2024-11-01,TZ,670.9865
2024-12-01,TZ,670.9865
2024-01-01,UG,1187.0195
2024-02-01,UG,1187.0195
2024-03-01,UG,1187.0195
2024-04-01,UG,1187.0195
2024-05-01,UG,1187.0195
2024-06-01,UG,1187.0195
2024-07-01,UG,1187.0195
2024-08-01,UG,1187.0195
2024-09-01,UG,1187.0195
2024-10-01,UG,1187.0195
2024-11-01,UG,1187.0195
2024-12-01,UG,1187.0195
2024-01-01,UK,10597.525
2024-02-01,UK,10597.525
2024-03-01,UK,10597.525
2024-04-01,UK,10597.525
2024-05-01,UK,10597.525
2024-06-01,UK,10597.525
2024-07-01,UK,10597.525
2024-08-01,UK,10597.525
2024-09-01,UK,10597.525
2024-10-01,UK,10597.525
2024-11-01,UK,10597.525
2024-12-01,UK,10597.525
2024-01-01,UP,12928.179
2024-02-01,UP,12928.179
2024-03-01,UP,12928.179
2024-04-01,UP,12928.179
2024-05-01,UP,12928.179
2024-06-01,UP,12928.179
2024-07-01,UP,12928.179
2024-08-01,UP,12928.179
2024-09-01,UP,12928.179
2024-10-01,UP,12928.179
2024-11-01,UP,12928.179
2024-12-01,UP,12928.179
2024-01-01,US,82776.78
2024-02-01,US,82776.78
2024-03-01,US,82776.78
2024-04-01,US,82776.78
2024-05-01,US,82776.78
2024-06-01,US,82776.78
2024-07-01,US,82776.78
2024-08-01,US,82776.78
2024-09-01,US,82776.78
2024-10-01,US,82776.78
2024-11-01,US,82776.78
2024-12-01,US,82776.78
2024-01-01,UV,717.9922
2024-02-01,UV,717.9922
2024-03-01,UV,717.9922
2024-04-01,UV,717.9922
2024-05-01,UV,717.9922
2024-06-01,UV,717.9922
2024-07-01,UV,717.9922
2024-08-01,UV,717.9922
2024-09-01,UV,717.9922
2024-10-01,UV,717.9922
2024-11-01,UV,717.9922
2024-12-01,UV,717.9922
2024-01-01,UY,652.91693
2024-02-01,UY,652.91693
2024-03-01,UY,652.91693
2024-04-01,UY,652.91693
2024-05-01,UY,652.91693
2024-06-01,UY,652.91693
2024-07-01,UY,652.91693
2024-08-01,UY,652.91693
2024-09-01,UY,652.91693
2024-10-01,UY,652.91693
2024-11-01,UY,652.91693
2024-12-01,UY,652.91693
2024-01-01,UZ,519.9908
2024-02-01,UZ,519.9908
2024-03-01,UZ,519.9908
2024-04-01,UZ,519.9908
2024-05-01,UZ,519.9908
2024-06-01,UZ,519.9908
2024-07-01,UZ,519.9908
2024-08-01,UZ,519.9908
2024-09-01,UZ,519.9908
2024-10-01,UZ,519.9908
2024-11-01,UZ,519.9908
2024-12-01,UZ,519.9908
2024-01-01,VC,180.99428
2024-02-01,VC,180.99428
2024-03-01,VC,180.99428
2024-04-01,VC,180.99428
2024-05-01,VC,180.99428
2024-06-01,VC,180.99428
2024-07-01,VC,180.99428
2024-08-01,VC,180.99428
2024-09-01,VC,180.99428
2024-10-01,VC,180.99428
2024-11-01,VC,180.99428
2024-12-01,VC,180.99428
2024-01-01,VE,1968.0194
2024-02-01,VE,1968.0194
2024-03-01,VE,1968.0194
2024-04-01,VE,1968.0194
2024-05-01,VE,1968.0194
2024-06-01,VE,1968.0194
2024-07-01,VE,1968.0194
2024-08-01,VE,1968.0194
2024-09-01,VE,1968.0194
2024-10-01,VE,1968.0194
2024-11-01,VE,1968.0194
2024-12-01,VE,1968.0194
2024-01-01,VI,67.99895
2024-02-01,VI,67.99895
2024-03-01,VI,67.99895
2024-04-01,VI,67.99895
2024-05-01,VI,67.99895
2024-06-01,VI,67.99895
2024-07-01,VI,67.99895
2024-08-01,VI,67.99895
2024-09-01,VI,67.99895
2024-10-01,VI,67.99895
2024-11-01,VI,67.99895
2024-12-01,VI,67.99895
2024-01-01,VM,1448.9454
2024-02-01,VM,1448.9454
2024-03-01,VM,1448.9454
2024-04-01,VM,1448.9454
2024-05-01,VM,1448.9454
2024-06-01,VM,1448.9454
2024-07-01,VM,1448.9454
2024-08-01,VM,1448.9454
2024-09-01,VM,1448.9454
2024-10-01,VM,1448.9454
2024-11-01,VM,1448.9454
2024-12-01,VM,1448.9454
2024-01-01,VQ,96.99518
2024-02-01,VQ,96.99518
2024-03-01,VQ,96.99518
2024-04-01,VQ,96.99518
2024-05-01,VQ,96.99518
2024-06-01,VQ,96.99518
2024-07-01,VQ,96.99518
2024-08-01,VQ,96.99518
2024-09-01,VQ,96.99518
2024-10-01,VQ,96.99518
2024-11-01,VQ,96.99518
2024-12-01,VQ,96.99518
2024-01-01,VT,205.9663
2024-02-01,VT,205.9663
2024-03-01,VT,205.9663
2024-04-01,VT,205.9663
2024-05-01,VT,205.9663
2024-06-01,VT,205.9663
2024-07-01,VT,205.9663
2024-08-01,VT,205.9663
2024-09-01,VT,205.9663
2024-10-01,VT,205.9663
2024-11-01,VT,205.9663
2024-12-01,VT,205.9663
2024-01-01,WA,436.00168
2024-02-01,WA,436.00168
2024-03-01,WA,436.00168
2024-04-01,WA,436.00168
2024-05-01,WA,436.00168
2024-06-01,WA,436.00168
2024-07-01,WA,436.00168
2024-08-01,WA,436.00168
2024-09-01,WA,436.00168
2024-10-01,WA,436.00168
2024-11-01,WA,436.00168
2024-12-01,WA,436.00168
2024-01-01,WE,1771.6304
2024-02-01,WE,1771.6304
2024-03-01,WE,1771.6304
2024-04-01,WE,1771.6304
2024-05-01,WE,1771.6304
2024-06-01,WE,1771.6304
2024-07-01,WE,1771.6304
2024-08-01,WE,1771.6304
2024-09-01,WE,1771.6304
2024-10-01,WE,1771.6304
2024-11-01,WE,1771.6304
2024-12-01,WE,1771.6304
2024-01-01,WF,5.856984e-06
2024-02-01,WF,5.856984e-06
2024-03-01,WF,5.856984e-06
2024-04-01,WF,5.856984e-06
2024-05-01,WF,5.856984e-06
2024-06-01,WF,5.856984e-06
2024-07-01,WF,5.856984e-06
2024-08-01,WF,5.856984e-06
2024-09-01,WF,5.856984e-06
2024-10-01,WF,5.856984e-06
2024-11-01,WF,5.856984e-06
2024-12-01,WF,5.856984e-06
2024-01-01,WI,111.998886
2024-02-01,WI,111.998886
2024-03-01,WI,111.998886
2024-04-01,WI,111.998886
2024-05-01,WI,111.998886
2024-06-01,WI,111.998886
2024-07-01,WI,111.998886
2024-08-01,WI,111.998886
2024-09-01,WI,111.998886
2024-10-01,WI,111.998886
2024-11-01,WI,111.998886
2024-12-01,WI,111.998886
2024-01-01,WQ,4.651863e-05
2024-02-01,WQ,4.651863e-05
2024-03-01,WQ,4.651863e-05
2024-04-01,WQ,4.651863e-05
2024-05-01,WQ,4.651863e-05
2024-06-01,WQ,4.651863e-05
2024-07-01,WQ,4.651863e-05
2024-08-01,WQ,4.651863e-05
2024-09-01,WQ,4.651863e-05
2024-10-01,WQ,4.651863e-05
2024-11-01,WQ,4.651863e-05
2024-12-01,WQ,4.651863e-05
2024-01-01,WS,68.06528
2024-02-01,WS,68.06528
2024-03-01,WS,68.06528
2024-04-01,WS,68.06528
2024-05-01,WS,68.06528
2024-06-01,WS,68.06528
2024-07-01,WS,68.06528
2024-08-01,WS,68.06528
2024-09-01,WS,68.06528
2024-10-01,WS,68.06528
2024-11-01,WS,68.06528
2024-12-01,WS,68.06528
2024-01-01,WZ,271.00146
2024-02-01,WZ,271.00146
2024-03-01,WZ,271.00146
2024-04-01,WZ,271.00146
2024-05-01,WZ,271.00146
2024-06-01,WZ,271.00146
2024-07-01,WZ,271.00146
2024-08-01,WZ,271.00146
2024-09-01,WZ,271.00146
2024-10-01,WZ,271.00146
2024-11-01,WZ,271.00146
2024-12-01,WZ,271.00146
2024-01-01,YI,219.97798
2024-02-01,YI,219.97798
2024-03-01,YI,219.97798
2024-04-01,YI,219.97798
2024-05-01,YI,219.97798
2024-06-01,YI,219.97798
2024-07-01,YI,219.97798
2024-08-01,YI,219.97798
2024-09-01,YI,219.97798
2024-10-01,YI,219.97798
2024-11-01,YI,219.97798
2024-12-01,YI,219.97798
2024-01-01,YM,1207.9945
2024-02-01,YM,1207.9945
2024-03-01,YM,1207.9945
2024-04-01,YM,1207.9945
2024-05-01,YM,1207.9945
2024-06-01,YM,1207.9945
2024-07-01,YM,1207.9945
2024-08-01,YM,1207.9945
2024-09-01,YM,1207.9945
2024-10-01,YM,1207.9945
2024-11-01,YM,1207.9945
2024-12-01,YM,1207.9945
2024-01-01,ZA,718.97003
2024-02-01,ZA,718.97003
2024-03-01,ZA,718.97003
2024-04-01,ZA,718.97003
2024-05-01,ZA,718.97003
2024-06-01,ZA,718.97003
2024-07-01,ZA,718.97003
2024-08-01,ZA,718.97003
2024-09-01,ZA,718.97003
2024-10-01,ZA,718.97003
2024-11-01,ZA,718.97003
2024-12-01,ZA,718.97003
2024-01-01,ZI,1428.9984
2024-02-01,ZI,1428.9984
2024-03-01,ZI,1428.9984
2024-04-01,ZI,1428.9984
2024-05-01,ZI,1428.9984
2024-06-01,ZI,1428.9984
2024-07-01,ZI,1428.9984
2024-08-01,ZI,1428.9984
2024-09-01,ZI,1428.9984
2024-10-01,ZI,1428.9984
2024-11-01,ZI,1428.9984
2024-12-01,ZI,1428.9984
